Exp_Number,Experiment_ID,Experiment_Description,Method,Task,n_samples,n_features,n_generating_solutions,sparsity,latent_rank,overlap,noise_std,nan_ratio,binarize,binary_response_ratio,seed,Recall,Precision,F1_Score,Success_Index,Adjusted_SI,Jaccard,Solutions_Found,Total_Features_Selected,n_correct,n_missed,n_extra,sol_mean_jaccard,sol_recovered_0.8,sol_exact,sol_core_size,sol_preds_with_core,n_predicted,Runtime_Sec,Status
1,hd_clf_100x200_ov0_s42,Hard: clf overlap=0 (disjoint) N=100 P=200,Masking_lasso,classification,100,200,3,5,2,0,0.05,0.0,True,0.5,42,0.6666666666666666,0.6666666666666666,0.6666666666666666,8.88888888888889,5.925925925925926,0.5,3,15,10,5,5,0.2632275132275132,0,0,0,0,3,0.010469,Success
1,hd_clf_100x200_ov0_s42,Hard: clf overlap=0 (disjoint) N=100 P=200,Masking_elasticnet,classification,100,200,3,5,2,0,0.05,0.0,True,0.5,42,0.6666666666666666,0.6666666666666666,0.6666666666666666,8.88888888888889,5.925925925925926,0.5,3,15,10,5,5,0.2632275132275132,0,0,0,0,3,0.010015,Success
1,hd_clf_100x200_ov0_s42,Hard: clf overlap=0 (disjoint) N=100 P=200,Masking_logistic,classification,100,200,3,5,2,0,0.05,0.0,True,0.5,42,0.6666666666666666,0.6666666666666666,0.6666666666666666,8.88888888888889,5.925925925925926,0.5,3,15,10,5,5,0.20370370370370372,0,0,0,0,3,0.009248,Success
1,hd_clf_100x200_ov0_s42,Hard: clf overlap=0 (disjoint) N=100 P=200,StabilitySelection,classification,100,200,3,5,2,0,0.05,0.0,True,0.5,42,0.3333333333333333,1.0,0.5,4.444444444444445,4.444444444444445,0.3333333333333333,1,5,5,10,0,0.14285714285714285,0,0,0,0,1,0.172855,Success
1,hd_clf_100x200_ov0_s42,Hard: clf overlap=0 (disjoint) N=100 P=200,ALFESE_mi_tau1.0,classification,100,200,3,5,2,0,0.05,0.0,True,0.5,42,0.6,0.6,0.6,8.0,4.8,0.42857142857142855,3,15,9,6,6,0.2261904761904762,0,0,0,0,3,0.452964,Success
1,hd_clf_100x200_ov0_s42,Hard: clf overlap=0 (disjoint) N=100 P=200,ALFESE_greedy_tau1.0,classification,100,200,3,5,2,0,0.05,0.0,True,0.5,42,0.13333333333333333,0.13333333333333333,0.13333333333333333,1.7777777777777777,0.23703703703703702,0.07142857142857142,3,15,2,13,13,0.037037037037037035,0,0,0,0,3,8.505607,Success
1,hd_clf_100x200_ov0_s42,Hard: clf overlap=0 (disjoint) N=100 P=200,ALFESE_importance_tau1.0,classification,100,200,3,5,2,0,0.05,0.0,True,0.5,42,0.2,0.2,0.20000000000000004,2.6666666666666665,0.5333333333333333,0.1111111111111111,3,15,3,12,12,0.07407407407407407,0,0,0,0,3,0.082126,Success
1,hd_clf_100x200_ov0_s42,Hard: clf overlap=0 (disjoint) N=100 P=200,GEMSS,classification,100,200,3,5,2,0,0.05,0.0,True,0.5,42,0.5333333333333333,0.5714285714285714,0.5517241379310344,7.111111111111111,4.063492063492063,0.38095238095238093,3,14,8,7,6,0.20370370370370372,0,0,0,0,3,21.349495,Success
1,hd_clf_100x200_ov0_s42,Hard: clf overlap=0 (disjoint) N=100 P=200,GEMSS_noreg,classification,100,200,3,5,2,0,0.05,0.0,True,0.5,42,0.4,0.6666666666666666,0.5,5.333333333333333,3.5555555555555554,0.3333333333333333,3,9,6,9,3,0.2261904761904762,0,0,0,0,3,17.798693,Success
1,hd_clf_100x200_ov0_s42,Hard: clf overlap=0 (disjoint) N=100 P=200,GEMSS_logistic,classification,100,200,3,5,2,0,0.05,0.0,True,0.5,42,0.4,1.0,0.5714285714285715,5.333333333333333,5.333333333333333,0.4,3,6,6,9,0,0.2857142857142857,0,0,0,0,3,20.785639,Success
1,hd_clf_100x200_ov0_s42,Hard: clf overlap=0 (disjoint) N=100 P=200,GEMSS_single,classification,100,200,3,5,2,0,0.05,0.0,True,0.5,42,0.3333333333333333,1.0,0.5,4.444444444444445,4.444444444444445,0.3333333333333333,1,5,5,10,0,0.14285714285714285,0,0,0,0,1,19.908178,Success
1,hd_clf_100x200_ov0_s7,Hard: clf overlap=0 (disjoint) N=100 P=200,Masking_lasso,classification,100,200,3,5,2,0,0.05,0.0,True,0.5,7,0.8,0.8,0.8000000000000002,10.666666666666666,8.533333333333333,0.6666666666666666,3,15,12,3,3,0.20370370370370372,0,0,0,0,3,0.010552,Success
1,hd_clf_100x200_ov0_s7,Hard: clf overlap=0 (disjoint) N=100 P=200,Masking_elasticnet,classification,100,200,3,5,2,0,0.05,0.0,True,0.5,7,0.8,0.8,0.8000000000000002,10.666666666666666,8.533333333333333,0.6666666666666666,3,15,12,3,3,0.20370370370370372,0,0,0,0,3,0.009641,Success
1,hd_clf_100x200_ov0_s7,Hard: clf overlap=0 (disjoint) N=100 P=200,Masking_logistic,classification,100,200,3,5,2,0,0.05,0.0,True,0.5,7,0.6,0.6,0.6,8.0,4.8,0.42857142857142855,3,15,9,6,6,0.26322751322751325,0,0,0,0,3,0.009646,Success
1,hd_clf_100x200_ov0_s7,Hard: clf overlap=0 (disjoint) N=100 P=200,StabilitySelection,classification,100,200,3,5,2,0,0.05,0.0,True,0.5,7,0.26666666666666666,0.8,0.4,3.5555555555555554,2.8444444444444446,0.25,1,5,4,11,1,0.08333333333333333,0,0,0,0,1,0.174334,Success
1,hd_clf_100x200_ov0_s7,Hard: clf overlap=0 (disjoint) N=100 P=200,ALFESE_mi_tau1.0,classification,100,200,3,5,2,0,0.05,0.0,True,0.5,7,0.4,0.4,0.4000000000000001,5.333333333333333,2.1333333333333333,0.25,3,15,6,9,9,0.12037037037037036,0,0,0,0,3,0.441388,Success
1,hd_clf_100x200_ov0_s7,Hard: clf overlap=0 (disjoint) N=100 P=200,ALFESE_greedy_tau1.0,classification,100,200,3,5,2,0,0.05,0.0,True,0.5,7,0.13333333333333333,0.13333333333333333,0.13333333333333333,1.7777777777777777,0.23703703703703702,0.07142857142857142,3,15,2,13,13,0.037037037037037035,0,0,0,0,3,7.745019,Success
1,hd_clf_100x200_ov0_s7,Hard: clf overlap=0 (disjoint) N=100 P=200,ALFESE_importance_tau1.0,classification,100,200,3,5,2,0,0.05,0.0,True,0.5,7,0.13333333333333333,0.13333333333333333,0.13333333333333333,1.7777777777777777,0.23703703703703702,0.07142857142857142,3,15,2,13,13,0.07407407407407407,0,0,0,0,3,0.077418,Success
1,hd_clf_100x200_ov0_s7,Hard: clf overlap=0 (disjoint) N=100 P=200,GEMSS,classification,100,200,3,5,2,0,0.05,0.0,True,0.5,7,0.3333333333333333,0.4166666666666667,0.3703703703703704,4.444444444444445,1.851851851851852,0.22727272727272727,3,12,5,10,7,0.16666666666666666,0,0,0,0,3,20.517645,Success
1,hd_clf_100x200_ov0_s7,Hard: clf overlap=0 (disjoint) N=100 P=200,GEMSS_noreg,classification,100,200,3,5,2,0,0.05,0.0,True,0.5,7,0.26666666666666666,0.36363636363636365,0.30769230769230765,3.5555555555555554,1.2929292929292928,0.18181818181818182,3,11,4,11,7,0.1574074074074074,0,0,0,0,3,16.841061,Success
1,hd_clf_100x200_ov0_s7,Hard: clf overlap=0 (disjoint) N=100 P=200,GEMSS_logistic,classification,100,200,3,5,2,0,0.05,0.0,True,0.5,7,0.3333333333333333,0.625,0.43478260869565216,4.444444444444445,2.7777777777777777,0.2777777777777778,3,8,5,10,3,0.20370370370370372,0,0,0,0,3,20.142717,Success
1,hd_clf_100x200_ov0_s7,Hard: clf overlap=0 (disjoint) N=100 P=200,GEMSS_single,classification,100,200,3,5,2,0,0.05,0.0,True,0.5,7,0.2,0.6,0.3,2.6666666666666665,1.5999999999999999,0.17647058823529413,1,5,3,12,2,0.037037037037037035,0,0,0,0,1,20.359631,Success
1,hd_clf_100x200_ov0_s123,Hard: clf overlap=0 (disjoint) N=100 P=200,Masking_lasso,classification,100,200,3,5,2,0,0.05,0.0,True,0.5,123,0.8,0.8,0.8000000000000002,10.666666666666666,8.533333333333333,0.6666666666666666,3,15,12,3,3,0.25,0,0,0,0,3,0.008815,Success
1,hd_clf_100x200_ov0_s123,Hard: clf overlap=0 (disjoint) N=100 P=200,Masking_elasticnet,classification,100,200,3,5,2,0,0.05,0.0,True,0.5,123,0.8,0.8,0.8000000000000002,10.666666666666666,8.533333333333333,0.6666666666666666,3,15,12,3,3,0.25,0,0,0,0,3,0.0078,Success
1,hd_clf_100x200_ov0_s123,Hard: clf overlap=0 (disjoint) N=100 P=200,Masking_logistic,classification,100,200,3,5,2,0,0.05,0.0,True,0.5,123,0.5333333333333333,0.5333333333333333,0.5333333333333333,7.111111111111111,3.7925925925925923,0.36363636363636365,3,15,8,7,7,0.2261904761904762,0,0,0,0,3,0.008684,Success
1,hd_clf_100x200_ov0_s123,Hard: clf overlap=0 (disjoint) N=100 P=200,StabilitySelection,classification,100,200,3,5,2,0,0.05,0.0,True,0.5,123,0.3333333333333333,1.0,0.5,4.444444444444445,4.444444444444445,0.3333333333333333,1,5,5,10,0,0.08333333333333333,0,0,0,0,1,0.173751,Success
1,hd_clf_100x200_ov0_s123,Hard: clf overlap=0 (disjoint) N=100 P=200,ALFESE_mi_tau1.0,classification,100,200,3,5,2,0,0.05,0.0,True,0.5,123,0.8,0.8,0.8000000000000002,10.666666666666666,8.533333333333333,0.6666666666666666,3,15,12,3,3,0.30952380952380953,0,0,0,0,3,0.439616,Success
1,hd_clf_100x200_ov0_s123,Hard: clf overlap=0 (disjoint) N=100 P=200,ALFESE_greedy_tau1.0,classification,100,200,3,5,2,0,0.05,0.0,True,0.5,123,0.06666666666666667,0.06666666666666667,0.06666666666666667,0.8888888888888888,0.059259259259259255,0.034482758620689655,3,15,1,14,14,0.037037037037037035,0,0,0,0,3,7.550342,Success
1,hd_clf_100x200_ov0_s123,Hard: clf overlap=0 (disjoint) N=100 P=200,ALFESE_importance_tau1.0,classification,100,200,3,5,2,0,0.05,0.0,True,0.5,123,0.13333333333333333,0.13333333333333333,0.13333333333333333,1.7777777777777777,0.23703703703703702,0.07142857142857142,3,15,2,13,13,0.037037037037037035,0,0,0,0,3,0.064794,Success
1,hd_clf_100x200_ov0_s123,Hard: clf overlap=0 (disjoint) N=100 P=200,GEMSS,classification,100,200,3,5,2,0,0.05,0.0,True,0.5,123,0.26666666666666666,0.2857142857142857,0.2758620689655172,3.5555555555555554,1.0158730158730158,0.16,3,14,4,11,10,0.08333333333333333,0,0,0,0,3,20.447258,Success
1,hd_clf_100x200_ov0_s123,Hard: clf overlap=0 (disjoint) N=100 P=200,GEMSS_noreg,classification,100,200,3,5,2,0,0.05,0.0,True,0.5,123,0.4666666666666667,0.5833333333333334,0.5185185185185186,6.222222222222222,3.6296296296296298,0.35,3,12,7,8,5,0.2169312169312169,0,0,0,0,3,17.212059,Success
1,hd_clf_100x200_ov0_s123,Hard: clf overlap=0 (disjoint) N=100 P=200,GEMSS_logistic,classification,100,200,3,5,2,0,0.05,0.0,True,0.5,123,0.5333333333333333,1.0,0.6956521739130436,7.111111111111111,7.111111111111111,0.5333333333333333,3,8,8,7,0,0.2632275132275132,0,0,0,0,3,20.974199,Success
1,hd_clf_100x200_ov0_s123,Hard: clf overlap=0 (disjoint) N=100 P=200,GEMSS_single,classification,100,200,3,5,2,0,0.05,0.0,True,0.5,123,0.3333333333333333,1.0,0.5,4.444444444444445,4.444444444444445,0.3333333333333333,1,5,5,10,0,0.08333333333333333,0,0,0,0,1,20.253424,Success
2,hd_clf_100x200_ov2_s42,Hard: clf overlap=2 N=100 P=200,Masking_lasso,classification,100,200,3,5,2,2,0.05,0.0,True,0.5,42,0.7272727272727273,0.5333333333333333,0.6153846153846153,13.223140495867769,7.0523415977961434,0.4444444444444444,3,15,8,3,7,0.2632275132275132,0,0,2,0,3,0.010148,Success
2,hd_clf_100x200_ov2_s42,Hard: clf overlap=2 N=100 P=200,Masking_elasticnet,classification,100,200,3,5,2,2,0.05,0.0,True,0.5,42,0.7272727272727273,0.5333333333333333,0.6153846153846153,13.223140495867769,7.0523415977961434,0.4444444444444444,3,15,8,3,7,0.2632275132275132,0,0,2,0,3,0.009334,Success
2,hd_clf_100x200_ov2_s42,Hard: clf overlap=2 N=100 P=200,Masking_logistic,classification,100,200,3,5,2,2,0.05,0.0,True,0.5,42,0.7272727272727273,0.5333333333333333,0.6153846153846153,13.223140495867769,7.0523415977961434,0.4444444444444444,3,15,8,3,7,0.30952380952380953,0,0,2,0,3,0.010883,Success
2,hd_clf_100x200_ov2_s42,Hard: clf overlap=2 N=100 P=200,StabilitySelection,classification,100,200,3,5,2,2,0.05,0.0,True,0.5,42,0.2727272727272727,0.75,0.39999999999999997,4.958677685950414,3.7190082644628104,0.25,1,4,3,8,1,0.09523809523809523,0,0,2,0,1,0.174693,Success
2,hd_clf_100x200_ov2_s42,Hard: clf overlap=2 N=100 P=200,ALFESE_mi_tau1.0,classification,100,200,3,5,2,2,0.05,0.0,True,0.5,42,0.5454545454545454,0.4,0.4615384615384615,9.917355371900827,3.966942148760331,0.3,3,15,6,5,9,0.16666666666666666,0,0,2,0,3,0.438704,Success
2,hd_clf_100x200_ov2_s42,Hard: clf overlap=2 N=100 P=200,ALFESE_greedy_tau1.0,classification,100,200,3,5,2,2,0.05,0.0,True,0.5,42,0.09090909090909091,0.06666666666666667,0.07692307692307691,1.6528925619834711,0.11019283746556474,0.04,3,15,1,10,14,0.037037037037037035,0,0,2,0,3,7.613141,Success
2,hd_clf_100x200_ov2_s42,Hard: clf overlap=2 N=100 P=200,ALFESE_importance_tau1.0,classification,100,200,3,5,2,2,0.05,0.0,True,0.5,42,0.09090909090909091,0.06666666666666667,0.07692307692307691,1.6528925619834711,0.11019283746556474,0.04,3,15,1,10,14,0.037037037037037035,0,0,2,0,3,0.062539,Success
2,hd_clf_100x200_ov2_s42,Hard: clf overlap=2 N=100 P=200,GEMSS,classification,100,200,3,5,2,2,0.05,0.0,True,0.5,42,0.45454545454545453,0.4166666666666667,0.43478260869565216,8.264462809917354,3.443526170798898,0.2777777777777778,3,12,5,6,7,0.17989417989417988,0,0,2,0,3,20.555042,Success
2,hd_clf_100x200_ov2_s42,Hard: clf overlap=2 N=100 P=200,GEMSS_noreg,classification,100,200,3,5,2,2,0.05,0.0,True,0.5,42,0.45454545454545453,0.625,0.5263157894736842,8.264462809917354,5.165289256198347,0.35714285714285715,3,8,5,6,3,0.32275132275132273,0,0,2,0,3,17.279881,Success
2,hd_clf_100x200_ov2_s42,Hard: clf overlap=2 N=100 P=200,GEMSS_logistic,classification,100,200,3,5,2,2,0.05,0.0,True,0.5,42,0.45454545454545453,0.7142857142857143,0.5555555555555556,8.264462809917354,5.903187721369539,0.38461538461538464,3,7,5,6,2,0.2857142857142857,0,0,2,0,3,20.8154,Success
2,hd_clf_100x200_ov2_s42,Hard: clf overlap=2 N=100 P=200,GEMSS_single,classification,100,200,3,5,2,2,0.05,0.0,True,0.5,42,0.18181818181818182,0.4,0.25000000000000006,3.3057851239669422,1.322314049586777,0.14285714285714285,1,5,2,9,3,0.037037037037037035,0,0,2,0,1,20.580916,Success
2,hd_clf_100x200_ov2_s7,Hard: clf overlap=2 N=100 P=200,Masking_lasso,classification,100,200,3,5,2,2,0.05,0.0,True,0.5,7,1.0,0.7333333333333333,0.846153846153846,18.181818181818183,13.333333333333334,0.7333333333333333,3,15,11,0,4,0.32275132275132273,0,0,2,0,3,0.013454,Success
2,hd_clf_100x200_ov2_s7,Hard: clf overlap=2 N=100 P=200,Masking_elasticnet,classification,100,200,3,5,2,2,0.05,0.0,True,0.5,7,1.0,0.7333333333333333,0.846153846153846,18.181818181818183,13.333333333333334,0.7333333333333333,3,15,11,0,4,0.32275132275132273,0,0,2,0,3,0.012518,Success
2,hd_clf_100x200_ov2_s7,Hard: clf overlap=2 N=100 P=200,Masking_logistic,classification,100,200,3,5,2,2,0.05,0.0,True,0.5,7,0.5454545454545454,0.4,0.4615384615384615,9.917355371900827,3.966942148760331,0.3,3,15,6,5,9,0.16666666666666666,0,0,2,0,3,0.009043,Success
2,hd_clf_100x200_ov2_s7,Hard: clf overlap=2 N=100 P=200,StabilitySelection,classification,100,200,3,5,2,2,0.05,0.0,True,0.5,7,0.2727272727272727,0.75,0.39999999999999997,4.958677685950414,3.7190082644628104,0.25,1,4,3,8,1,0.09523809523809523,0,0,2,0,1,0.175878,Success
2,hd_clf_100x200_ov2_s7,Hard: clf overlap=2 N=100 P=200,ALFESE_mi_tau1.0,classification,100,200,3,5,2,2,0.05,0.0,True,0.5,7,0.5454545454545454,0.4,0.4615384615384615,9.917355371900827,3.966942148760331,0.3,3,15,6,5,9,0.2169312169312169,0,0,2,1,3,0.437433,Success
2,hd_clf_100x200_ov2_s7,Hard: clf overlap=2 N=100 P=200,ALFESE_greedy_tau1.0,classification,100,200,3,5,2,2,0.05,0.0,True,0.5,7,0.18181818181818182,0.13333333333333333,0.15384615384615383,3.3057851239669422,0.44077134986225897,0.08333333333333333,3,15,2,9,13,0.07407407407407407,0,0,2,0,3,7.574672,Success
2,hd_clf_100x200_ov2_s7,Hard: clf overlap=2 N=100 P=200,ALFESE_importance_tau1.0,classification,100,200,3,5,2,2,0.05,0.0,True,0.5,7,0.2727272727272727,0.2,0.23076923076923075,4.958677685950414,0.9917355371900828,0.13043478260869565,3,15,3,8,12,0.07407407407407407,0,0,2,0,3,0.079015,Success
2,hd_clf_100x200_ov2_s7,Hard: clf overlap=2 N=100 P=200,GEMSS,classification,100,200,3,5,2,2,0.05,0.0,True,0.5,7,0.45454545454545453,0.38461538461538464,0.41666666666666663,8.264462809917354,3.178639542275906,0.2631578947368421,3,13,5,6,8,0.20370370370370372,0,0,2,0,3,20.753355,Success
2,hd_clf_100x200_ov2_s7,Hard: clf overlap=2 N=100 P=200,GEMSS_noreg,classification,100,200,3,5,2,2,0.05,0.0,True,0.5,7,0.5454545454545454,0.75,0.631578947368421,9.917355371900827,7.438016528925621,0.46153846153846156,3,8,6,5,2,0.34259259259259256,0,0,2,1,3,17.401726,Success
2,hd_clf_100x200_ov2_s7,Hard: clf overlap=2 N=100 P=200,GEMSS_logistic,classification,100,200,3,5,2,2,0.05,0.0,True,0.5,7,0.45454545454545453,1.0,0.625,8.264462809917354,8.264462809917354,0.45454545454545453,3,5,5,6,0,0.4484126984126984,0,0,2,3,3,20.007701,Success
2,hd_clf_100x200_ov2_s7,Hard: clf overlap=2 N=100 P=200,GEMSS_single,classification,100,200,3,5,2,2,0.05,0.0,True,0.5,7,0.45454545454545453,1.0,0.625,8.264462809917354,8.264462809917354,0.45454545454545453,1,5,5,6,0,0.2222222222222222,0,0,2,1,1,20.379793,Success
2,hd_clf_100x200_ov2_s123,Hard: clf overlap=2 N=100 P=200,Masking_lasso,classification,100,200,3,5,2,2,0.05,0.0,True,0.5,123,0.7272727272727273,0.5333333333333333,0.6153846153846153,13.223140495867769,7.0523415977961434,0.4444444444444444,3,15,8,3,7,0.2169312169312169,0,0,2,0,3,0.009836,Success
2,hd_clf_100x200_ov2_s123,Hard: clf overlap=2 N=100 P=200,Masking_elasticnet,classification,100,200,3,5,2,2,0.05,0.0,True,0.5,123,0.7272727272727273,0.5333333333333333,0.6153846153846153,13.223140495867769,7.0523415977961434,0.4444444444444444,3,15,8,3,7,0.2169312169312169,0,0,2,0,3,0.00911,Success
2,hd_clf_100x200_ov2_s123,Hard: clf overlap=2 N=100 P=200,Masking_logistic,classification,100,200,3,5,2,2,0.05,0.0,True,0.5,123,0.6363636363636364,0.4666666666666667,0.5384615384615385,11.570247933884298,5.3994490358126725,0.3684210526315789,3,15,7,4,8,0.16666666666666666,0,0,2,0,3,0.008768,Success
2,hd_clf_100x200_ov2_s123,Hard: clf overlap=2 N=100 P=200,StabilitySelection,classification,100,200,3,5,2,2,0.05,0.0,True,0.5,123,0.2727272727272727,0.6,0.37499999999999994,4.958677685950414,2.9752066115702482,0.23076923076923078,1,5,3,8,2,0.08333333333333333,0,0,2,0,1,0.173052,Success
2,hd_clf_100x200_ov2_s123,Hard: clf overlap=2 N=100 P=200,ALFESE_mi_tau1.0,classification,100,200,3,5,2,2,0.05,0.0,True,0.5,123,0.6363636363636364,0.4666666666666667,0.5384615384615385,11.570247933884298,5.3994490358126725,0.3684210526315789,3,15,7,4,8,0.2261904761904762,0,0,2,0,3,0.438933,Success
2,hd_clf_100x200_ov2_s123,Hard: clf overlap=2 N=100 P=200,ALFESE_greedy_tau1.0,classification,100,200,3,5,2,2,0.05,0.0,True,0.5,123,0.09090909090909091,0.06666666666666667,0.07692307692307691,1.6528925619834711,0.11019283746556474,0.04,3,15,1,10,14,0.037037037037037035,0,0,2,0,3,7.882042,Success
2,hd_clf_100x200_ov2_s123,Hard: clf overlap=2 N=100 P=200,ALFESE_importance_tau1.0,classification,100,200,3,5,2,2,0.05,0.0,True,0.5,123,0.18181818181818182,0.13333333333333333,0.15384615384615383,3.3057851239669422,0.44077134986225897,0.08333333333333333,3,15,2,9,13,0.07407407407407407,0,0,2,0,3,0.081115,Success
2,hd_clf_100x200_ov2_s123,Hard: clf overlap=2 N=100 P=200,GEMSS,classification,100,200,3,5,2,2,0.05,0.0,True,0.5,123,0.36363636363636365,0.3076923076923077,0.33333333333333337,6.6115702479338845,2.0343293070565798,0.2,3,13,4,7,9,0.17989417989417988,0,0,2,0,3,19.917811,Success
2,hd_clf_100x200_ov2_s123,Hard: clf overlap=2 N=100 P=200,GEMSS_noreg,classification,100,200,3,5,2,2,0.05,0.0,True,0.5,123,0.45454545454545453,0.625,0.5263157894736842,8.264462809917354,5.165289256198347,0.35714285714285715,3,8,5,6,3,0.2632275132275132,0,0,2,0,3,17.331189,Success
2,hd_clf_100x200_ov2_s123,Hard: clf overlap=2 N=100 P=200,GEMSS_logistic,classification,100,200,3,5,2,2,0.05,0.0,True,0.5,123,0.45454545454545453,0.7142857142857143,0.5555555555555556,8.264462809917354,5.903187721369539,0.38461538461538464,3,7,5,6,2,0.34259259259259256,0,0,2,1,3,20.768591,Success
2,hd_clf_100x200_ov2_s123,Hard: clf overlap=2 N=100 P=200,GEMSS_single,classification,100,200,3,5,2,2,0.05,0.0,True,0.5,123,0.18181818181818182,0.4,0.25000000000000006,3.3057851239669422,1.322314049586777,0.14285714285714285,1,5,2,9,3,0.037037037037037035,0,0,2,0,1,20.095591,Success
3,hd_clf_100x200_ov4_s42,Hard: clf overlap=4 (heavy share) N=100 P=200,Masking_lasso,classification,100,200,3,5,2,4,0.05,0.0,True,0.5,42,1.0,0.4666666666666667,0.6363636363636364,28.571428571428573,13.333333333333334,0.4666666666666667,3,15,7,0,8,0.26322751322751325,0,0,4,0,3,0.009884,Success
3,hd_clf_100x200_ov4_s42,Hard: clf overlap=4 (heavy share) N=100 P=200,Masking_elasticnet,classification,100,200,3,5,2,4,0.05,0.0,True,0.5,42,1.0,0.4666666666666667,0.6363636363636364,28.571428571428573,13.333333333333334,0.4666666666666667,3,15,7,0,8,0.26322751322751325,0,0,4,0,3,0.009057,Success
3,hd_clf_100x200_ov4_s42,Hard: clf overlap=4 (heavy share) N=100 P=200,Masking_logistic,classification,100,200,3,5,2,4,0.05,0.0,True,0.5,42,1.0,0.4666666666666667,0.6363636363636364,28.571428571428573,13.333333333333334,0.4666666666666667,3,15,7,0,8,0.26322751322751325,0,0,4,0,3,0.013777,Success
3,hd_clf_100x200_ov4_s42,Hard: clf overlap=4 (heavy share) N=100 P=200,StabilitySelection,classification,100,200,3,5,2,4,0.05,0.0,True,0.5,42,0.42857142857142855,0.75,0.5454545454545454,12.244897959183673,9.183673469387754,0.375,1,4,3,4,1,0.16666666666666666,0,0,4,0,1,0.174128,Success
3,hd_clf_100x200_ov4_s42,Hard: clf overlap=4 (heavy share) N=100 P=200,ALFESE_mi_tau1.0,classification,100,200,3,5,2,4,0.05,0.0,True,0.5,42,0.7142857142857143,0.3333333333333333,0.4545454545454545,20.408163265306122,6.802721088435374,0.29411764705882354,3,15,5,2,10,0.2169312169312169,0,0,4,0,3,0.438255,Success
3,hd_clf_100x200_ov4_s42,Hard: clf overlap=4 (heavy share) N=100 P=200,ALFESE_greedy_tau1.0,classification,100,200,3,5,2,4,0.05,0.0,True,0.5,42,0.14285714285714285,0.06666666666666667,0.09090909090909091,4.081632653061225,0.272108843537415,0.047619047619047616,3,15,1,6,14,0.037037037037037035,0,0,4,0,3,7.737291,Success
3,hd_clf_100x200_ov4_s42,Hard: clf overlap=4 (heavy share) N=100 P=200,ALFESE_importance_tau1.0,classification,100,200,3,5,2,4,0.05,0.0,True,0.5,42,0.2857142857142857,0.13333333333333333,0.18181818181818182,8.16326530612245,1.08843537414966,0.1,3,15,2,5,13,0.07407407407407407,0,0,4,0,3,0.064738,Success
3,hd_clf_100x200_ov4_s42,Hard: clf overlap=4 (heavy share) N=100 P=200,GEMSS,classification,100,200,3,5,2,4,0.05,0.0,True,0.5,42,0.5714285714285714,0.3333333333333333,0.4210526315789474,16.3265306122449,5.442176870748299,0.26666666666666666,3,12,4,3,8,0.26322751322751325,0,0,4,0,3,20.803319,Success
3,hd_clf_100x200_ov4_s42,Hard: clf overlap=4 (heavy share) N=100 P=200,GEMSS_noreg,classification,100,200,3,5,2,4,0.05,0.0,True,0.5,42,0.5714285714285714,0.4444444444444444,0.5,16.3265306122449,7.256235827664399,0.3333333333333333,3,9,4,3,5,0.38888888888888884,0,0,4,0,3,17.495578,Success
3,hd_clf_100x200_ov4_s42,Hard: clf overlap=4 (heavy share) N=100 P=200,GEMSS_logistic,classification,100,200,3,5,2,4,0.05,0.0,True,0.5,42,0.42857142857142855,0.375,0.39999999999999997,12.244897959183673,4.591836734693877,0.25,3,8,3,4,5,0.30952380952380953,0,0,4,0,3,20.368964,Success
3,hd_clf_100x200_ov4_s42,Hard: clf overlap=4 (heavy share) N=100 P=200,GEMSS_single,classification,100,200,3,5,2,4,0.05,0.0,True,0.5,42,0.5714285714285714,0.8,0.6666666666666666,16.3265306122449,13.061224489795919,0.5,1,5,4,3,1,0.2222222222222222,0,0,4,0,1,20.446424,Success
3,hd_clf_100x200_ov4_s7,Hard: clf overlap=4 (heavy share) N=100 P=200,Masking_lasso,classification,100,200,3,5,2,4,0.05,0.0,True,0.5,7,0.7142857142857143,0.3333333333333333,0.4545454545454545,20.408163265306122,6.802721088435374,0.29411764705882354,3,15,5,2,10,0.2261904761904762,0,0,4,0,3,0.010133,Success
3,hd_clf_100x200_ov4_s7,Hard: clf overlap=4 (heavy share) N=100 P=200,Masking_elasticnet,classification,100,200,3,5,2,4,0.05,0.0,True,0.5,7,0.7142857142857143,0.3333333333333333,0.4545454545454545,20.408163265306122,6.802721088435374,0.29411764705882354,3,15,5,2,10,0.2261904761904762,0,0,4,0,3,0.009233,Success
3,hd_clf_100x200_ov4_s7,Hard: clf overlap=4 (heavy share) N=100 P=200,Masking_logistic,classification,100,200,3,5,2,4,0.05,0.0,True,0.5,7,0.7142857142857143,0.3333333333333333,0.4545454545454545,20.408163265306122,6.802721088435374,0.29411764705882354,3,15,5,2,10,0.2261904761904762,0,0,4,0,3,0.009131,Success
3,hd_clf_100x200_ov4_s7,Hard: clf overlap=4 (heavy share) N=100 P=200,StabilitySelection,classification,100,200,3,5,2,4,0.05,0.0,True,0.5,7,0.42857142857142855,1.0,0.6,12.244897959183673,12.244897959183673,0.42857142857142855,1,3,3,4,0,0.19999999999999998,0,0,4,0,1,0.174641,Success
3,hd_clf_100x200_ov4_s7,Hard: clf overlap=4 (heavy share) N=100 P=200,ALFESE_mi_tau1.0,classification,100,200,3,5,2,4,0.05,0.0,True,0.5,7,0.5714285714285714,0.26666666666666666,0.36363636363636365,16.3265306122449,4.35374149659864,0.2222222222222222,3,15,4,3,11,0.16666666666666666,0,0,4,0,3,0.695424,Success
3,hd_clf_100x200_ov4_s7,Hard: clf overlap=4 (heavy share) N=100 P=200,ALFESE_greedy_tau1.0,classification,100,200,3,5,2,4,0.05,0.0,True,0.5,7,0.14285714285714285,0.06666666666666667,0.09090909090909091,4.081632653061225,0.272108843537415,0.047619047619047616,3,15,1,6,14,0.037037037037037035,0,0,4,0,3,7.703284,Success
3,hd_clf_100x200_ov4_s7,Hard: clf overlap=4 (heavy share) N=100 P=200,ALFESE_importance_tau1.0,classification,100,200,3,5,2,4,0.05,0.0,True,0.5,7,0.2857142857142857,0.13333333333333333,0.18181818181818182,8.16326530612245,1.08843537414966,0.1,3,15,2,5,13,0.07407407407407407,0,0,4,0,3,0.078676,Success
3,hd_clf_100x200_ov4_s7,Hard: clf overlap=4 (heavy share) N=100 P=200,GEMSS,classification,100,200,3,5,2,4,0.05,0.0,True,0.5,7,0.42857142857142855,0.2727272727272727,0.33333333333333326,12.244897959183673,3.3395176252319105,0.2,3,11,3,4,8,0.30952380952380953,0,0,4,0,3,20.969215,Success
3,hd_clf_100x200_ov4_s7,Hard: clf overlap=4 (heavy share) N=100 P=200,GEMSS_noreg,classification,100,200,3,5,2,4,0.05,0.0,True,0.5,7,0.7142857142857143,0.8333333333333334,0.7692307692307692,20.408163265306122,17.006802721088437,0.625,3,6,5,2,1,0.7777777777777777,1,1,4,3,3,17.282413,Success
3,hd_clf_100x200_ov4_s7,Hard: clf overlap=4 (heavy share) N=100 P=200,GEMSS_logistic,classification,100,200,3,5,2,4,0.05,0.0,True,0.5,7,0.5714285714285714,0.4444444444444444,0.5,16.3265306122449,7.256235827664399,0.3333333333333333,3,9,4,3,5,0.5079365079365079,0,0,4,1,3,20.9512,Success
3,hd_clf_100x200_ov4_s7,Hard: clf overlap=4 (heavy share) N=100 P=200,GEMSS_single,classification,100,200,3,5,2,4,0.05,0.0,True,0.5,7,0.5714285714285714,0.8,0.6666666666666666,16.3265306122449,13.061224489795919,0.5,1,5,4,3,1,0.2222222222222222,0,0,4,1,1,20.374708,Success
3,hd_clf_100x200_ov4_s123,Hard: clf overlap=4 (heavy share) N=100 P=200,Masking_lasso,classification,100,200,3,5,2,4,0.05,0.0,True,0.5,123,1.0,0.4666666666666667,0.6363636363636364,28.571428571428573,13.333333333333334,0.4666666666666667,3,15,7,0,8,0.30952380952380953,0,0,4,0,3,0.00948,Success
3,hd_clf_100x200_ov4_s123,Hard: clf overlap=4 (heavy share) N=100 P=200,Masking_elasticnet,classification,100,200,3,5,2,4,0.05,0.0,True,0.5,123,1.0,0.4666666666666667,0.6363636363636364,28.571428571428573,13.333333333333334,0.4666666666666667,3,15,7,0,8,0.30952380952380953,0,0,4,0,3,0.008496,Success
3,hd_clf_100x200_ov4_s123,Hard: clf overlap=4 (heavy share) N=100 P=200,Masking_logistic,classification,100,200,3,5,2,4,0.05,0.0,True,0.5,123,0.8571428571428571,0.4,0.5454545454545455,24.489795918367346,9.795918367346939,0.375,3,15,6,1,9,0.26322751322751325,0,0,4,0,3,0.008383,Success
3,hd_clf_100x200_ov4_s123,Hard: clf overlap=4 (heavy share) N=100 P=200,StabilitySelection,classification,100,200,3,5,2,4,0.05,0.0,True,0.5,123,0.5714285714285714,0.8,0.6666666666666666,16.3265306122449,13.061224489795919,0.5,1,5,4,3,1,0.14285714285714285,0,0,4,0,1,0.17326,Success
3,hd_clf_100x200_ov4_s123,Hard: clf overlap=4 (heavy share) N=100 P=200,ALFESE_mi_tau1.0,classification,100,200,3,5,2,4,0.05,0.0,True,0.5,123,0.8571428571428571,0.4,0.5454545454545455,24.489795918367346,9.795918367346939,0.375,3,15,6,1,9,0.2857142857142857,0,0,4,0,3,0.438106,Success
3,hd_clf_100x200_ov4_s123,Hard: clf overlap=4 (heavy share) N=100 P=200,ALFESE_greedy_tau1.0,classification,100,200,3,5,2,4,0.05,0.0,True,0.5,123,0.14285714285714285,0.06666666666666667,0.09090909090909091,4.081632653061225,0.272108843537415,0.047619047619047616,3,15,1,6,14,0.037037037037037035,0,0,4,0,3,7.890959,Success
3,hd_clf_100x200_ov4_s123,Hard: clf overlap=4 (heavy share) N=100 P=200,ALFESE_importance_tau1.0,classification,100,200,3,5,2,4,0.05,0.0,True,0.5,123,0.2857142857142857,0.13333333333333333,0.18181818181818182,8.16326530612245,1.08843537414966,0.1,3,15,2,5,13,0.07407407407407407,0,0,4,0,3,0.065082,Success
3,hd_clf_100x200_ov4_s123,Hard: clf overlap=4 (heavy share) N=100 P=200,GEMSS,classification,100,200,3,5,2,4,0.05,0.0,True,0.5,123,0.7142857142857143,0.45454545454545453,0.5555555555555556,20.408163265306122,9.276437847866418,0.38461538461538464,3,11,5,2,6,0.30952380952380953,0,0,4,0,3,20.86697,Success
3,hd_clf_100x200_ov4_s123,Hard: clf overlap=4 (heavy share) N=100 P=200,GEMSS_noreg,classification,100,200,3,5,2,4,0.05,0.0,True,0.5,123,0.8571428571428571,0.8571428571428571,0.8571428571428571,24.489795918367346,20.991253644314867,0.75,3,7,6,1,1,0.5277777777777778,0,0,4,0,3,17.287157,Success
3,hd_clf_100x200_ov4_s123,Hard: clf overlap=4 (heavy share) N=100 P=200,GEMSS_logistic,classification,100,200,3,5,2,4,0.05,0.0,True,0.5,123,0.7142857142857143,0.7142857142857143,0.7142857142857143,20.408163265306122,14.577259475218659,0.5555555555555556,3,7,5,2,2,0.4484126984126984,0,0,4,0,3,20.849452,Success
3,hd_clf_100x200_ov4_s123,Hard: clf overlap=4 (heavy share) N=100 P=200,GEMSS_single,classification,100,200,3,5,2,4,0.05,0.0,True,0.5,123,0.7142857142857143,1.0,0.8333333333333333,20.408163265306122,20.408163265306122,0.7142857142857143,1,5,5,2,0,0.2222222222222222,0,0,4,0,1,20.252821,Success
4,hd_clf_100x500_ov0_s42,Hard: clf overlap=0 N=100 P=500,Masking_lasso,classification,100,500,3,5,2,0,0.05,0.0,True,0.5,42,0.8666666666666667,0.8666666666666667,0.8666666666666667,28.88888888888889,25.037037037037038,0.7647058823529411,3,15,13,2,2,0.30952380952380953,0,0,0,0,3,0.014495,Success
4,hd_clf_100x500_ov0_s42,Hard: clf overlap=0 N=100 P=500,Masking_elasticnet,classification,100,500,3,5,2,0,0.05,0.0,True,0.5,42,0.8666666666666667,0.8666666666666667,0.8666666666666667,28.88888888888889,25.037037037037038,0.7647058823529411,3,15,13,2,2,0.30952380952380953,0,0,0,0,3,0.013146,Success
4,hd_clf_100x500_ov0_s42,Hard: clf overlap=0 N=100 P=500,Masking_logistic,classification,100,500,3,5,2,0,0.05,0.0,True,0.5,42,0.8,0.8,0.8000000000000002,26.666666666666668,21.333333333333336,0.6666666666666666,3,15,12,3,3,0.30952380952380953,0,0,0,0,3,0.011852,Success
4,hd_clf_100x500_ov0_s42,Hard: clf overlap=0 N=100 P=500,StabilitySelection,classification,100,500,3,5,2,0,0.05,0.0,True,0.5,42,0.2,0.75,0.31578947368421056,6.666666666666667,5.0,0.1875,1,4,3,12,1,0.09523809523809523,0,0,0,0,1,0.229858,Success
4,hd_clf_100x500_ov0_s42,Hard: clf overlap=0 N=100 P=500,ALFESE_mi_tau1.0,classification,100,500,3,5,2,0,0.05,0.0,True,0.5,42,0.6,0.6,0.6,20.0,12.0,0.42857142857142855,3,15,9,6,6,0.1574074074074074,0,0,0,0,3,1.078038,Success
4,hd_clf_100x500_ov0_s42,Hard: clf overlap=0 N=100 P=500,ALFESE_greedy_tau1.0,classification,100,500,3,5,2,0,0.05,0.0,True,0.5,42,0.13333333333333333,0.13333333333333333,0.13333333333333333,4.444444444444445,0.5925925925925926,0.07142857142857142,3,15,2,13,13,0.037037037037037035,0,0,0,0,3,24.368446,Success
4,hd_clf_100x500_ov0_s42,Hard: clf overlap=0 N=100 P=500,ALFESE_importance_tau1.0,classification,100,500,3,5,2,0,0.05,0.0,True,0.5,42,0.2,0.2,0.20000000000000004,6.666666666666667,1.3333333333333335,0.1111111111111111,3,15,3,12,12,0.08333333333333333,0,0,0,0,3,0.149787,Success
4,hd_clf_100x500_ov0_s42,Hard: clf overlap=0 N=100 P=500,GEMSS,classification,100,500,3,5,2,0,0.05,0.0,True,0.5,42,0.13333333333333333,0.15384615384615385,0.14285714285714288,4.444444444444445,0.6837606837606838,0.07692307692307693,3,13,2,13,11,0.037037037037037035,0,0,0,0,3,23.670821,Success
4,hd_clf_100x500_ov0_s42,Hard: clf overlap=0 N=100 P=500,GEMSS_noreg,classification,100,500,3,5,2,0,0.05,0.0,True,0.5,42,0.3333333333333333,0.4166666666666667,0.3703703703703704,11.11111111111111,4.62962962962963,0.22727272727272727,3,12,5,10,7,0.16666666666666666,0,0,0,0,3,20.069924,Success
4,hd_clf_100x500_ov0_s42,Hard: clf overlap=0 N=100 P=500,GEMSS_logistic,classification,100,500,3,5,2,0,0.05,0.0,True,0.5,42,0.4,1.0,0.5714285714285715,13.333333333333334,13.333333333333334,0.4,3,6,6,9,0,0.2632275132275132,0,0,0,0,3,24.060166,Success
4,hd_clf_100x500_ov0_s42,Hard: clf overlap=0 N=100 P=500,GEMSS_single,classification,100,500,3,5,2,0,0.05,0.0,True,0.5,42,0.06666666666666667,0.2,0.1,2.2222222222222223,0.4444444444444445,0.05263157894736842,1,5,1,14,4,0.037037037037037035,0,0,0,0,1,22.721037,Success
4,hd_clf_100x500_ov0_s7,Hard: clf overlap=0 N=100 P=500,Masking_lasso,classification,100,500,3,5,2,0,0.05,0.0,True,0.5,7,0.6666666666666666,0.6666666666666666,0.6666666666666666,22.22222222222222,14.814814814814813,0.5,3,15,10,5,5,0.1574074074074074,0,0,0,0,3,0.014819,Success
4,hd_clf_100x500_ov0_s7,Hard: clf overlap=0 N=100 P=500,Masking_elasticnet,classification,100,500,3,5,2,0,0.05,0.0,True,0.5,7,0.6666666666666666,0.6666666666666666,0.6666666666666666,22.22222222222222,14.814814814814813,0.5,3,15,10,5,5,0.1574074074074074,0,0,0,0,3,0.015871,Success
4,hd_clf_100x500_ov0_s7,Hard: clf overlap=0 N=100 P=500,Masking_logistic,classification,100,500,3,5,2,0,0.05,0.0,True,0.5,7,0.6666666666666666,0.6666666666666666,0.6666666666666666,22.22222222222222,14.814814814814813,0.5,3,15,10,5,5,0.20370370370370372,0,0,0,0,3,0.013177,Success
4,hd_clf_100x500_ov0_s7,Hard: clf overlap=0 N=100 P=500,StabilitySelection,classification,100,500,3,5,2,0,0.05,0.0,True,0.5,7,0.3333333333333333,1.0,0.5,11.11111111111111,11.11111111111111,0.3333333333333333,1,5,5,10,0,0.08333333333333333,0,0,0,0,1,0.239363,Success
4,hd_clf_100x500_ov0_s7,Hard: clf overlap=0 N=100 P=500,ALFESE_mi_tau1.0,classification,100,500,3,5,2,0,0.05,0.0,True,0.5,7,0.6,0.6,0.6,20.0,12.0,0.42857142857142855,3,15,9,6,6,0.20370370370370372,0,0,0,0,3,1.089511,Success
4,hd_clf_100x500_ov0_s7,Hard: clf overlap=0 N=100 P=500,ALFESE_greedy_tau1.0,classification,100,500,3,5,2,0,0.05,0.0,True,0.5,7,0.06666666666666667,0.06666666666666667,0.06666666666666667,2.2222222222222223,0.14814814814814814,0.034482758620689655,3,15,1,14,14,0.037037037037037035,0,0,0,0,3,24.462668,Success
4,hd_clf_100x500_ov0_s7,Hard: clf overlap=0 N=100 P=500,ALFESE_importance_tau1.0,classification,100,500,3,5,2,0,0.05,0.0,True,0.5,7,0.13333333333333333,0.13333333333333333,0.13333333333333333,4.444444444444445,0.5925925925925926,0.07142857142857142,3,15,2,13,13,0.08333333333333333,0,0,0,0,3,0.190546,Success
4,hd_clf_100x500_ov0_s7,Hard: clf overlap=0 N=100 P=500,GEMSS,classification,100,500,3,5,2,0,0.05,0.0,True,0.5,7,0.26666666666666666,0.26666666666666666,0.26666666666666666,8.88888888888889,2.3703703703703702,0.15384615384615385,3,15,4,11,11,0.07407407407407407,0,0,0,0,3,23.233425,Success
4,hd_clf_100x500_ov0_s7,Hard: clf overlap=0 N=100 P=500,GEMSS_noreg,classification,100,500,3,5,2,0,0.05,0.0,True,0.5,7,0.5333333333333333,0.6666666666666666,0.5925925925925926,17.77777777777778,11.851851851851851,0.42105263157894735,3,12,8,7,4,0.20370370370370372,0,0,0,0,3,19.731467,Success
4,hd_clf_100x500_ov0_s7,Hard: clf overlap=0 N=100 P=500,GEMSS_logistic,classification,100,500,3,5,2,0,0.05,0.0,True,0.5,7,0.5333333333333333,1.0,0.6956521739130436,17.77777777777778,17.77777777777778,0.5333333333333333,3,8,8,7,0,0.30952380952380953,0,0,0,0,3,22.824777,Success
4,hd_clf_100x500_ov0_s7,Hard: clf overlap=0 N=100 P=500,GEMSS_single,classification,100,500,3,5,2,0,0.05,0.0,True,0.5,7,0.2,0.6,0.3,6.666666666666667,4.0,0.17647058823529413,1,5,3,12,2,0.037037037037037035,0,0,0,0,1,22.461136,Success
4,hd_clf_100x500_ov0_s123,Hard: clf overlap=0 N=100 P=500,Masking_lasso,classification,100,500,3,5,2,0,0.05,0.0,True,0.5,123,0.7333333333333333,0.7333333333333333,0.7333333333333333,24.444444444444443,17.925925925925924,0.5789473684210527,3,15,11,4,4,0.32275132275132273,0,0,0,0,3,0.014277,Success
4,hd_clf_100x500_ov0_s123,Hard: clf overlap=0 N=100 P=500,Masking_elasticnet,classification,100,500,3,5,2,0,0.05,0.0,True,0.5,123,0.7333333333333333,0.7333333333333333,0.7333333333333333,24.444444444444443,17.925925925925924,0.5789473684210527,3,15,11,4,4,0.32275132275132273,0,0,0,0,3,0.013393,Success
4,hd_clf_100x500_ov0_s123,Hard: clf overlap=0 N=100 P=500,Masking_logistic,classification,100,500,3,5,2,0,0.05,0.0,True,0.5,123,0.6,0.6,0.6,20.0,12.0,0.42857142857142855,3,15,9,6,6,0.20370370370370372,0,0,0,0,3,0.013061,Success
4,hd_clf_100x500_ov0_s123,Hard: clf overlap=0 N=100 P=500,StabilitySelection,classification,100,500,3,5,2,0,0.05,0.0,True,0.5,123,0.3333333333333333,1.0,0.5,11.11111111111111,11.11111111111111,0.3333333333333333,1,5,5,10,0,0.14285714285714285,0,0,0,0,1,0.230624,Success
4,hd_clf_100x500_ov0_s123,Hard: clf overlap=0 N=100 P=500,ALFESE_mi_tau1.0,classification,100,500,3,5,2,0,0.05,0.0,True,0.5,123,0.6666666666666666,0.6666666666666666,0.6666666666666666,22.22222222222222,14.814814814814813,0.5,3,15,10,5,5,0.34259259259259256,0,0,0,0,3,1.074134,Success
4,hd_clf_100x500_ov0_s123,Hard: clf overlap=0 N=100 P=500,ALFESE_greedy_tau1.0,classification,100,500,3,5,2,0,0.05,0.0,True,0.5,123,0.0,0.0,0.0,0.0,0.0,0.0,3,15,0,15,15,0.0,0,0,0,0,3,24.754169,Success
4,hd_clf_100x500_ov0_s123,Hard: clf overlap=0 N=100 P=500,ALFESE_importance_tau1.0,classification,100,500,3,5,2,0,0.05,0.0,True,0.5,123,0.06666666666666667,0.06666666666666667,0.06666666666666667,2.2222222222222223,0.14814814814814814,0.034482758620689655,3,15,1,14,14,0.037037037037037035,0,0,0,0,3,0.178319,Success
4,hd_clf_100x500_ov0_s123,Hard: clf overlap=0 N=100 P=500,GEMSS,classification,100,500,3,5,2,0,0.05,0.0,True,0.5,123,0.26666666666666666,0.2857142857142857,0.2758620689655172,8.88888888888889,2.5396825396825395,0.16,3,14,4,11,10,0.08333333333333333,0,0,0,0,3,22.596741,Success
4,hd_clf_100x500_ov0_s123,Hard: clf overlap=0 N=100 P=500,GEMSS_noreg,classification,100,500,3,5,2,0,0.05,0.0,True,0.5,123,0.4666666666666667,0.5833333333333334,0.5185185185185186,15.555555555555555,9.074074074074074,0.35,3,12,7,8,5,0.20370370370370372,0,0,0,0,3,19.177436,Success
4,hd_clf_100x500_ov0_s123,Hard: clf overlap=0 N=100 P=500,GEMSS_logistic,classification,100,500,3,5,2,0,0.05,0.0,True,0.5,123,0.5333333333333333,1.0,0.6956521739130436,17.77777777777778,17.77777777777778,0.5333333333333333,3,8,8,7,0,0.30952380952380953,0,0,0,0,3,22.602647,Success
4,hd_clf_100x500_ov0_s123,Hard: clf overlap=0 N=100 P=500,GEMSS_single,classification,100,500,3,5,2,0,0.05,0.0,True,0.5,123,0.13333333333333333,0.4,0.2,4.444444444444445,1.777777777777778,0.1111111111111111,1,5,2,13,3,0.037037037037037035,0,0,0,0,1,21.980251,Success
5,hd_clf_100x500_ov2_s42,Hard: clf overlap=2 N=100 P=500,Masking_lasso,classification,100,500,3,5,2,2,0.05,0.0,True,0.5,42,0.9090909090909091,0.6666666666666666,0.7692307692307692,41.32231404958678,27.548209366391184,0.625,3,15,10,1,5,0.25,0,0,2,0,3,0.014256,Success
5,hd_clf_100x500_ov2_s42,Hard: clf overlap=2 N=100 P=500,Masking_elasticnet,classification,100,500,3,5,2,2,0.05,0.0,True,0.5,42,0.9090909090909091,0.6666666666666666,0.7692307692307692,41.32231404958678,27.548209366391184,0.625,3,15,10,1,5,0.25,0,0,2,0,3,0.013754,Success
5,hd_clf_100x500_ov2_s42,Hard: clf overlap=2 N=100 P=500,Masking_logistic,classification,100,500,3,5,2,2,0.05,0.0,True,0.5,42,0.7272727272727273,0.5333333333333333,0.6153846153846153,33.05785123966942,17.630853994490355,0.4444444444444444,3,15,8,3,7,0.1574074074074074,0,0,2,0,3,0.013889,Success
5,hd_clf_100x500_ov2_s42,Hard: clf overlap=2 N=100 P=500,StabilitySelection,classification,100,500,3,5,2,2,0.05,0.0,True,0.5,42,0.36363636363636365,0.8,0.5000000000000001,16.52892561983471,13.223140495867767,0.3333333333333333,1,5,4,7,1,0.08333333333333333,0,0,2,0,1,0.23144,Success
5,hd_clf_100x500_ov2_s42,Hard: clf overlap=2 N=100 P=500,ALFESE_mi_tau1.0,classification,100,500,3,5,2,2,0.05,0.0,True,0.5,42,0.6363636363636364,0.4666666666666667,0.5384615384615385,28.925619834710744,13.498622589531681,0.3684210526315789,3,15,7,4,8,0.2632275132275132,0,0,2,0,3,1.067014,Success
5,hd_clf_100x500_ov2_s42,Hard: clf overlap=2 N=100 P=500,ALFESE_greedy_tau1.0,classification,100,500,3,5,2,2,0.05,0.0,True,0.5,42,0.09090909090909091,0.06666666666666667,0.07692307692307691,4.132231404958677,0.2754820936639118,0.04,3,15,1,10,14,0.037037037037037035,0,0,2,0,3,24.717929,Success
5,hd_clf_100x500_ov2_s42,Hard: clf overlap=2 N=100 P=500,ALFESE_importance_tau1.0,classification,100,500,3,5,2,2,0.05,0.0,True,0.5,42,0.18181818181818182,0.13333333333333333,0.15384615384615383,8.264462809917354,1.1019283746556472,0.08333333333333333,3,15,2,9,13,0.07407407407407407,0,0,2,0,3,0.150632,Success
5,hd_clf_100x500_ov2_s42,Hard: clf overlap=2 N=100 P=500,GEMSS,classification,100,500,3,5,2,2,0.05,0.0,True,0.5,42,0.18181818181818182,0.15384615384615385,0.16666666666666669,8.264462809917354,1.2714558169103622,0.09090909090909091,3,13,2,9,11,0.08333333333333333,0,0,2,0,3,22.546759,Success
5,hd_clf_100x500_ov2_s42,Hard: clf overlap=2 N=100 P=500,GEMSS_noreg,classification,100,500,3,5,2,2,0.05,0.0,True,0.5,42,0.45454545454545453,0.45454545454545453,0.45454545454545453,20.66115702479339,9.391435011269722,0.29411764705882354,3,11,5,6,6,0.2261904761904762,0,0,2,0,3,19.72081,Success
5,hd_clf_100x500_ov2_s42,Hard: clf overlap=2 N=100 P=500,GEMSS_logistic,classification,100,500,3,5,2,2,0.05,0.0,True,0.5,42,0.5454545454545454,1.0,0.7058823529411764,24.793388429752067,24.793388429752067,0.5454545454545454,3,6,6,5,0,0.2632275132275132,0,0,2,0,3,22.985492,Success
5,hd_clf_100x500_ov2_s42,Hard: clf overlap=2 N=100 P=500,GEMSS_single,classification,100,500,3,5,2,2,0.05,0.0,True,0.5,42,0.2727272727272727,0.6,0.37499999999999994,12.396694214876034,7.43801652892562,0.23076923076923078,1,5,3,8,2,0.08333333333333333,0,0,2,0,1,23.335131,Success
5,hd_clf_100x500_ov2_s7,Hard: clf overlap=2 N=100 P=500,Masking_lasso,classification,100,500,3,5,2,2,0.05,0.0,True,0.5,7,0.8181818181818182,0.6,0.6923076923076923,37.1900826446281,22.314049586776857,0.5294117647058824,3,15,9,2,6,0.1574074074074074,0,0,2,0,3,0.014275,Success
5,hd_clf_100x500_ov2_s7,Hard: clf overlap=2 N=100 P=500,Masking_elasticnet,classification,100,500,3,5,2,2,0.05,0.0,True,0.5,7,0.8181818181818182,0.6,0.6923076923076923,37.1900826446281,22.314049586776857,0.5294117647058824,3,15,9,2,6,0.1574074074074074,0,0,2,0,3,0.013357,Success
5,hd_clf_100x500_ov2_s7,Hard: clf overlap=2 N=100 P=500,Masking_logistic,classification,100,500,3,5,2,2,0.05,0.0,True,0.5,7,0.9090909090909091,0.6666666666666666,0.7692307692307692,41.32231404958678,27.548209366391184,0.625,3,15,10,1,5,0.2169312169312169,0,0,2,0,3,0.012877,Success
5,hd_clf_100x500_ov2_s7,Hard: clf overlap=2 N=100 P=500,StabilitySelection,classification,100,500,3,5,2,2,0.05,0.0,True,0.5,7,0.45454545454545453,1.0,0.625,20.66115702479339,20.66115702479339,0.45454545454545453,1,5,5,6,0,0.14285714285714285,0,0,2,0,1,0.234727,Success
5,hd_clf_100x500_ov2_s7,Hard: clf overlap=2 N=100 P=500,ALFESE_mi_tau1.0,classification,100,500,3,5,2,2,0.05,0.0,True,0.5,7,0.6363636363636364,0.4666666666666667,0.5384615384615385,28.925619834710744,13.498622589531681,0.3684210526315789,3,15,7,4,8,0.16666666666666666,0,0,2,0,3,1.079704,Success
5,hd_clf_100x500_ov2_s7,Hard: clf overlap=2 N=100 P=500,ALFESE_greedy_tau1.0,classification,100,500,3,5,2,2,0.05,0.0,True,0.5,7,0.09090909090909091,0.06666666666666667,0.07692307692307691,4.132231404958677,0.2754820936639118,0.04,3,15,1,10,14,0.037037037037037035,0,0,2,0,3,24.154361,Success
5,hd_clf_100x500_ov2_s7,Hard: clf overlap=2 N=100 P=500,ALFESE_importance_tau1.0,classification,100,500,3,5,2,2,0.05,0.0,True,0.5,7,0.18181818181818182,0.13333333333333333,0.15384615384615383,8.264462809917354,1.1019283746556472,0.08333333333333333,3,15,2,9,13,0.08333333333333333,0,0,2,0,3,0.18012,Success
5,hd_clf_100x500_ov2_s7,Hard: clf overlap=2 N=100 P=500,GEMSS,classification,100,500,3,5,2,2,0.05,0.0,True,0.5,7,0.2727272727272727,0.2,0.23076923076923075,12.396694214876034,2.479338842975207,0.13043478260869565,3,15,3,8,12,0.1111111111111111,0,0,2,0,3,23.110174,Success
5,hd_clf_100x500_ov2_s7,Hard: clf overlap=2 N=100 P=500,GEMSS_noreg,classification,100,500,3,5,2,2,0.05,0.0,True,0.5,7,0.5454545454545454,0.6,0.5714285714285713,24.793388429752067,14.87603305785124,0.4,3,10,6,5,4,0.2632275132275132,0,0,2,0,3,19.760551,Success
5,hd_clf_100x500_ov2_s7,Hard: clf overlap=2 N=100 P=500,GEMSS_logistic,classification,100,500,3,5,2,2,0.05,0.0,True,0.5,7,0.5454545454545454,1.0,0.7058823529411764,24.793388429752067,24.793388429752067,0.5454545454545454,3,6,6,5,0,0.30952380952380953,0,0,2,0,3,22.732268,Success
5,hd_clf_100x500_ov2_s7,Hard: clf overlap=2 N=100 P=500,GEMSS_single,classification,100,500,3,5,2,2,0.05,0.0,True,0.5,7,0.18181818181818182,0.4,0.25000000000000006,8.264462809917354,3.305785123966942,0.14285714285714285,1,5,2,9,3,0.037037037037037035,0,0,2,0,1,21.746549,Success
5,hd_clf_100x500_ov2_s123,Hard: clf overlap=2 N=100 P=500,Masking_lasso,classification,100,500,3,5,2,2,0.05,0.0,True,0.5,123,0.8181818181818182,0.6,0.6923076923076923,37.1900826446281,22.314049586776857,0.5294117647058824,3,15,9,2,6,0.2169312169312169,0,0,2,1,3,0.014346,Success
5,hd_clf_100x500_ov2_s123,Hard: clf overlap=2 N=100 P=500,Masking_elasticnet,classification,100,500,3,5,2,2,0.05,0.0,True,0.5,123,0.8181818181818182,0.6,0.6923076923076923,37.1900826446281,22.314049586776857,0.5294117647058824,3,15,9,2,6,0.2169312169312169,0,0,2,1,3,0.012876,Success
5,hd_clf_100x500_ov2_s123,Hard: clf overlap=2 N=100 P=500,Masking_logistic,classification,100,500,3,5,2,2,0.05,0.0,True,0.5,123,0.9090909090909091,0.6666666666666666,0.7692307692307692,41.32231404958678,27.548209366391184,0.625,3,15,10,1,5,0.25,0,0,2,0,3,0.012448,Success
5,hd_clf_100x500_ov2_s123,Hard: clf overlap=2 N=100 P=500,StabilitySelection,classification,100,500,3,5,2,2,0.05,0.0,True,0.5,123,0.2727272727272727,1.0,0.42857142857142855,12.396694214876034,12.396694214876034,0.2727272727272727,1,3,3,8,0,0.1111111111111111,0,0,2,0,1,0.2231,Success
5,hd_clf_100x500_ov2_s123,Hard: clf overlap=2 N=100 P=500,ALFESE_mi_tau1.0,classification,100,500,3,5,2,2,0.05,0.0,True,0.5,123,0.6363636363636364,0.4666666666666667,0.5384615384615385,28.925619834710744,13.498622589531681,0.3684210526315789,3,15,7,4,8,0.20370370370370372,0,0,2,0,3,1.042465,Success
5,hd_clf_100x500_ov2_s123,Hard: clf overlap=2 N=100 P=500,ALFESE_greedy_tau1.0,classification,100,500,3,5,2,2,0.05,0.0,True,0.5,123,0.0,0.0,0.0,0.0,0.0,0.0,3,15,0,11,15,0.0,0,0,2,0,3,24.5675,Success
5,hd_clf_100x500_ov2_s123,Hard: clf overlap=2 N=100 P=500,ALFESE_importance_tau1.0,classification,100,500,3,5,2,2,0.05,0.0,True,0.5,123,0.09090909090909091,0.06666666666666667,0.07692307692307691,4.132231404958677,0.2754820936639118,0.04,3,15,1,10,14,0.037037037037037035,0,0,2,0,3,0.176994,Success
5,hd_clf_100x500_ov2_s123,Hard: clf overlap=2 N=100 P=500,GEMSS,classification,100,500,3,5,2,2,0.05,0.0,True,0.5,123,0.2727272727272727,0.25,0.2608695652173913,12.396694214876034,3.0991735537190084,0.15,3,12,3,8,9,0.16666666666666666,0,0,2,0,3,22.934255,Success
5,hd_clf_100x500_ov2_s123,Hard: clf overlap=2 N=100 P=500,GEMSS_noreg,classification,100,500,3,5,2,2,0.05,0.0,True,0.5,123,0.45454545454545453,0.5,0.47619047619047616,20.66115702479339,10.330578512396695,0.3125,3,10,5,6,5,0.3055555555555555,0,0,2,1,3,19.218095,Success
5,hd_clf_100x500_ov2_s123,Hard: clf overlap=2 N=100 P=500,GEMSS_logistic,classification,100,500,3,5,2,2,0.05,0.0,True,0.5,123,0.5454545454545454,1.0,0.7058823529411764,24.793388429752067,24.793388429752067,0.5454545454545454,3,6,6,5,0,0.4484126984126984,0,0,2,2,3,22.189658,Success
5,hd_clf_100x500_ov2_s123,Hard: clf overlap=2 N=100 P=500,GEMSS_single,classification,100,500,3,5,2,2,0.05,0.0,True,0.5,123,0.09090909090909091,0.2,0.12500000000000003,4.132231404958677,0.8264462809917354,0.06666666666666667,1,5,1,10,4,0.037037037037037035,0,0,2,0,1,21.70322,Success
6,hd_clf_100x500_ov4_s42,Hard: clf overlap=4 N=100 P=500,Masking_lasso,classification,100,500,3,5,2,4,0.05,0.0,True,0.5,42,0.8571428571428571,0.4,0.5454545454545455,61.224489795918366,24.48979591836735,0.375,3,15,6,1,9,0.3703703703703704,1,1,4,1,3,0.013855,Success
6,hd_clf_100x500_ov4_s42,Hard: clf overlap=4 N=100 P=500,Masking_elasticnet,classification,100,500,3,5,2,4,0.05,0.0,True,0.5,42,0.8571428571428571,0.4,0.5454545454545455,61.224489795918366,24.48979591836735,0.375,3,15,6,1,9,0.3703703703703704,1,1,4,1,3,0.012563,Success
6,hd_clf_100x500_ov4_s42,Hard: clf overlap=4 N=100 P=500,Masking_logistic,classification,100,500,3,5,2,4,0.05,0.0,True,0.5,42,0.8571428571428571,0.4,0.5454545454545455,61.224489795918366,24.48979591836735,0.375,3,15,6,1,9,0.26322751322751325,0,0,4,0,3,0.012029,Success
6,hd_clf_100x500_ov4_s42,Hard: clf overlap=4 N=100 P=500,StabilitySelection,classification,100,500,3,5,2,4,0.05,0.0,True,0.5,42,0.42857142857142855,0.75,0.5454545454545454,30.612244897959183,22.959183673469386,0.375,1,4,3,4,1,0.16666666666666666,0,0,4,0,1,0.220096,Success
6,hd_clf_100x500_ov4_s42,Hard: clf overlap=4 N=100 P=500,ALFESE_mi_tau1.0,classification,100,500,3,5,2,4,0.05,0.0,True,0.5,42,0.7142857142857143,0.3333333333333333,0.4545454545454545,51.02040816326531,17.006802721088434,0.29411764705882354,3,15,5,2,10,0.20370370370370372,0,0,4,0,3,1.06671,Success
6,hd_clf_100x500_ov4_s42,Hard: clf overlap=4 N=100 P=500,ALFESE_greedy_tau1.0,classification,100,500,3,5,2,4,0.05,0.0,True,0.5,42,0.14285714285714285,0.06666666666666667,0.09090909090909091,10.204081632653061,0.6802721088435374,0.047619047619047616,3,15,1,6,14,0.037037037037037035,0,0,4,0,3,27.721161,Success
6,hd_clf_100x500_ov4_s42,Hard: clf overlap=4 N=100 P=500,ALFESE_importance_tau1.0,classification,100,500,3,5,2,4,0.05,0.0,True,0.5,42,0.14285714285714285,0.06666666666666667,0.09090909090909091,10.204081632653061,0.6802721088435374,0.047619047619047616,3,15,1,6,14,0.037037037037037035,0,0,4,0,3,0.158198,Success
6,hd_clf_100x500_ov4_s42,Hard: clf overlap=4 N=100 P=500,GEMSS,classification,100,500,3,5,2,4,0.05,0.0,True,0.5,42,0.42857142857142855,0.2,0.27272727272727276,30.612244897959183,6.122448979591837,0.15789473684210525,3,15,3,4,12,0.1111111111111111,0,0,4,0,3,28.477871,Success
6,hd_clf_100x500_ov4_s42,Hard: clf overlap=4 N=100 P=500,GEMSS_noreg,classification,100,500,3,5,2,4,0.05,0.0,True,0.5,42,0.7142857142857143,0.5555555555555556,0.6250000000000001,51.02040816326531,28.344671201814062,0.45454545454545453,3,9,5,2,4,0.4484126984126984,0,0,4,0,3,23.756407,Success
6,hd_clf_100x500_ov4_s42,Hard: clf overlap=4 N=100 P=500,GEMSS_logistic,classification,100,500,3,5,2,4,0.05,0.0,True,0.5,42,0.8571428571428571,0.8571428571428571,0.8571428571428571,61.224489795918366,52.47813411078717,0.75,3,7,6,1,1,0.6984126984126985,1,1,4,1,3,28.213887,Success
6,hd_clf_100x500_ov4_s42,Hard: clf overlap=4 N=100 P=500,GEMSS_single,classification,100,500,3,5,2,4,0.05,0.0,True,0.5,42,0.14285714285714285,0.2,0.16666666666666666,10.204081632653061,2.0408163265306123,0.09090909090909091,1,5,1,6,4,0.037037037037037035,0,0,4,0,1,27.62503,Success
6,hd_clf_100x500_ov4_s7,Hard: clf overlap=4 N=100 P=500,Masking_lasso,classification,100,500,3,5,2,4,0.05,0.0,True,0.5,7,0.5714285714285714,0.26666666666666666,0.36363636363636365,40.816326530612244,10.884353741496598,0.2222222222222222,3,15,4,3,11,0.16666666666666666,0,0,4,0,3,0.015701,Success
6,hd_clf_100x500_ov4_s7,Hard: clf overlap=4 N=100 P=500,Masking_elasticnet,classification,100,500,3,5,2,4,0.05,0.0,True,0.5,7,0.5714285714285714,0.26666666666666666,0.36363636363636365,40.816326530612244,10.884353741496598,0.2222222222222222,3,15,4,3,11,0.16666666666666666,0,0,4,0,3,0.015118,Success
6,hd_clf_100x500_ov4_s7,Hard: clf overlap=4 N=100 P=500,Masking_logistic,classification,100,500,3,5,2,4,0.05,0.0,True,0.5,7,0.7142857142857143,0.3333333333333333,0.4545454545454545,51.02040816326531,17.006802721088434,0.29411764705882354,3,15,5,2,10,0.16666666666666666,0,0,4,0,3,0.016145,Success
6,hd_clf_100x500_ov4_s7,Hard: clf overlap=4 N=100 P=500,StabilitySelection,classification,100,500,3,5,2,4,0.05,0.0,True,0.5,7,0.2857142857142857,0.5,0.36363636363636365,20.408163265306122,10.204081632653061,0.2222222222222222,1,4,2,5,2,0.09523809523809523,0,0,4,0,1,0.238505,Success
6,hd_clf_100x500_ov4_s7,Hard: clf overlap=4 N=100 P=500,ALFESE_mi_tau1.0,classification,100,500,3,5,2,4,0.05,0.0,True,0.5,7,0.5714285714285714,0.26666666666666666,0.36363636363636365,40.816326530612244,10.884353741496598,0.2222222222222222,3,15,4,3,11,0.12037037037037036,0,0,4,0,3,1.143238,Success
6,hd_clf_100x500_ov4_s7,Hard: clf overlap=4 N=100 P=500,ALFESE_greedy_tau1.0,classification,100,500,3,5,2,4,0.05,0.0,True,0.5,7,0.14285714285714285,0.06666666666666667,0.09090909090909091,10.204081632653061,0.6802721088435374,0.047619047619047616,3,15,1,6,14,0.037037037037037035,0,0,4,0,3,27.406162,Success
6,hd_clf_100x500_ov4_s7,Hard: clf overlap=4 N=100 P=500,ALFESE_importance_tau1.0,classification,100,500,3,5,2,4,0.05,0.0,True,0.5,7,0.14285714285714285,0.06666666666666667,0.09090909090909091,10.204081632653061,0.6802721088435374,0.047619047619047616,3,15,1,6,14,0.037037037037037035,0,0,4,0,3,0.202104,Success
6,hd_clf_100x500_ov4_s7,Hard: clf overlap=4 N=100 P=500,GEMSS,classification,100,500,3,5,2,4,0.05,0.0,True,0.5,7,0.2857142857142857,0.15384615384615385,0.2,20.408163265306122,3.1397174254317113,0.1111111111111111,3,13,2,5,11,0.1574074074074074,0,0,4,0,3,28.057699,Success
6,hd_clf_100x500_ov4_s7,Hard: clf overlap=4 N=100 P=500,GEMSS_noreg,classification,100,500,3,5,2,4,0.05,0.0,True,0.5,7,0.5714285714285714,0.4,0.47058823529411764,40.816326530612244,16.3265306122449,0.3076923076923077,3,10,4,3,6,0.26322751322751325,0,0,4,0,3,23.750676,Success
6,hd_clf_100x500_ov4_s7,Hard: clf overlap=4 N=100 P=500,GEMSS_logistic,classification,100,500,3,5,2,4,0.05,0.0,True,0.5,7,0.5714285714285714,0.6666666666666666,0.6153846153846153,40.816326530612244,27.210884353741495,0.4444444444444444,3,6,4,3,2,0.36904761904761907,0,0,4,0,3,28.63358,Success
6,hd_clf_100x500_ov4_s7,Hard: clf overlap=4 N=100 P=500,GEMSS_single,classification,100,500,3,5,2,4,0.05,0.0,True,0.5,7,0.2857142857142857,0.4,0.3333333333333333,20.408163265306122,8.16326530612245,0.2,1,5,2,5,3,0.037037037037037035,0,0,4,0,1,27.569802,Success
6,hd_clf_100x500_ov4_s123,Hard: clf overlap=4 N=100 P=500,Masking_lasso,classification,100,500,3,5,2,4,0.05,0.0,True,0.5,123,0.8571428571428571,0.4,0.5454545454545455,61.224489795918366,24.48979591836735,0.375,3,15,6,1,9,0.2261904761904762,0,0,4,0,3,0.015304,Success
6,hd_clf_100x500_ov4_s123,Hard: clf overlap=4 N=100 P=500,Masking_elasticnet,classification,100,500,3,5,2,4,0.05,0.0,True,0.5,123,0.8571428571428571,0.4,0.5454545454545455,61.224489795918366,24.48979591836735,0.375,3,15,6,1,9,0.2261904761904762,0,0,4,0,3,0.01411,Success
6,hd_clf_100x500_ov4_s123,Hard: clf overlap=4 N=100 P=500,Masking_logistic,classification,100,500,3,5,2,4,0.05,0.0,True,0.5,123,1.0,0.4666666666666667,0.6363636363636364,71.42857142857143,33.333333333333336,0.4666666666666667,3,15,7,0,8,0.2857142857142857,0,0,4,0,3,0.014216,Success
6,hd_clf_100x500_ov4_s123,Hard: clf overlap=4 N=100 P=500,StabilitySelection,classification,100,500,3,5,2,4,0.05,0.0,True,0.5,123,0.42857142857142855,1.0,0.6,30.612244897959183,30.612244897959183,0.42857142857142855,1,3,3,4,0,0.19999999999999998,0,0,4,0,1,0.235723,Success
6,hd_clf_100x500_ov4_s123,Hard: clf overlap=4 N=100 P=500,ALFESE_mi_tau1.0,classification,100,500,3,5,2,4,0.05,0.0,True,0.5,123,0.7142857142857143,0.3333333333333333,0.4545454545454545,51.02040816326531,17.006802721088434,0.29411764705882354,3,15,5,2,10,0.2261904761904762,0,0,4,0,3,1.116979,Success
6,hd_clf_100x500_ov4_s123,Hard: clf overlap=4 N=100 P=500,ALFESE_greedy_tau1.0,classification,100,500,3,5,2,4,0.05,0.0,True,0.5,123,0.0,0.0,0.0,0.0,0.0,0.0,3,15,0,7,15,0.0,0,0,4,0,3,26.095331,Success
6,hd_clf_100x500_ov4_s123,Hard: clf overlap=4 N=100 P=500,ALFESE_importance_tau1.0,classification,100,500,3,5,2,4,0.05,0.0,True,0.5,123,0.42857142857142855,0.2,0.27272727272727276,30.612244897959183,6.122448979591837,0.15789473684210525,3,15,3,4,12,0.07407407407407407,0,0,4,0,3,0.193823,Success
6,hd_clf_100x500_ov4_s123,Hard: clf overlap=4 N=100 P=500,GEMSS,classification,100,500,3,5,2,4,0.05,0.0,True,0.5,123,0.2857142857142857,0.15384615384615385,0.2,20.408163265306122,3.1397174254317113,0.1111111111111111,3,13,2,5,11,0.07407407407407407,0,0,4,0,3,27.994658,Success
6,hd_clf_100x500_ov4_s123,Hard: clf overlap=4 N=100 P=500,GEMSS_noreg,classification,100,500,3,5,2,4,0.05,0.0,True,0.5,123,0.5714285714285714,0.4,0.47058823529411764,40.816326530612244,16.3265306122449,0.3076923076923077,3,10,4,3,6,0.32275132275132273,0,0,4,0,3,23.961078,Success
6,hd_clf_100x500_ov4_s123,Hard: clf overlap=4 N=100 P=500,GEMSS_logistic,classification,100,500,3,5,2,4,0.05,0.0,True,0.5,123,0.7142857142857143,0.8333333333333334,0.7692307692307692,51.02040816326531,42.51700680272109,0.625,3,6,5,2,1,0.5277777777777778,0,0,4,0,3,28.710593,Success
6,hd_clf_100x500_ov4_s123,Hard: clf overlap=4 N=100 P=500,GEMSS_single,classification,100,500,3,5,2,4,0.05,0.0,True,0.5,123,0.2857142857142857,0.4,0.3333333333333333,20.408163265306122,8.16326530612245,0.2,1,5,2,5,3,0.08333333333333333,0,0,4,0,1,27.185273,Success
7,hd_clf_50x200_ov2_s42,Hard: clf small-n overlap=2 N=50 P=200,Masking_lasso,classification,50,200,3,5,2,2,0.05,0.0,True,0.5,42,0.7272727272727273,0.5333333333333333,0.6153846153846153,13.223140495867769,7.0523415977961434,0.4444444444444444,3,15,8,3,7,0.2962962962962963,0,0,2,1,3,0.00652,Success
7,hd_clf_50x200_ov2_s42,Hard: clf small-n overlap=2 N=50 P=200,Masking_elasticnet,classification,50,200,3,5,2,2,0.05,0.0,True,0.5,42,0.7272727272727273,0.5333333333333333,0.6153846153846153,13.223140495867769,7.0523415977961434,0.4444444444444444,3,15,8,3,7,0.2962962962962963,0,0,2,1,3,0.005791,Success
7,hd_clf_50x200_ov2_s42,Hard: clf small-n overlap=2 N=50 P=200,Masking_logistic,classification,50,200,3,5,2,2,0.05,0.0,True,0.5,42,0.7272727272727273,0.5333333333333333,0.6153846153846153,13.223140495867769,7.0523415977961434,0.4444444444444444,3,15,8,3,7,0.2962962962962963,0,0,2,1,3,0.005674,Success
7,hd_clf_50x200_ov2_s42,Hard: clf small-n overlap=2 N=50 P=200,StabilitySelection,classification,50,200,3,5,2,2,0.05,0.0,True,0.5,42,0.2727272727272727,1.0,0.42857142857142855,4.958677685950414,4.958677685950414,0.2727272727272727,1,3,3,8,0,0.19999999999999998,0,0,2,1,1,0.139719,Success
7,hd_clf_50x200_ov2_s42,Hard: clf small-n overlap=2 N=50 P=200,ALFESE_mi_tau1.0,classification,50,200,3,5,2,2,0.05,0.0,True,0.5,42,0.45454545454545453,0.3333333333333333,0.3846153846153846,8.264462809917354,2.754820936639118,0.23809523809523808,3,15,5,6,10,0.1574074074074074,0,0,2,0,3,0.416277,Success
7,hd_clf_50x200_ov2_s42,Hard: clf small-n overlap=2 N=50 P=200,ALFESE_greedy_tau1.0,classification,50,200,3,5,2,2,0.05,0.0,True,0.5,42,0.0,0.0,0.0,0.0,0.0,0.0,3,15,0,11,15,0.0,0,0,2,0,3,7.809971,Success
7,hd_clf_50x200_ov2_s42,Hard: clf small-n overlap=2 N=50 P=200,ALFESE_importance_tau1.0,classification,50,200,3,5,2,2,0.05,0.0,True,0.5,42,0.18181818181818182,0.13333333333333333,0.15384615384615383,3.3057851239669422,0.44077134986225897,0.08333333333333333,3,15,2,9,13,0.07407407407407407,0,0,2,0,3,0.077378,Success
7,hd_clf_50x200_ov2_s42,Hard: clf small-n overlap=2 N=50 P=200,GEMSS,classification,50,200,3,5,2,2,0.05,0.0,True,0.5,42,0.18181818181818182,0.14285714285714285,0.16,3.3057851239669422,0.47225501770956313,0.08695652173913043,3,14,2,9,12,0.07407407407407407,0,0,2,0,3,24.917421,Success
7,hd_clf_50x200_ov2_s42,Hard: clf small-n overlap=2 N=50 P=200,GEMSS_noreg,classification,50,200,3,5,2,2,0.05,0.0,True,0.5,42,0.45454545454545453,0.35714285714285715,0.4,8.264462809917354,2.9515938606847696,0.25,3,14,5,6,9,0.17989417989417988,0,0,2,0,3,21.012195,Success
7,hd_clf_50x200_ov2_s42,Hard: clf small-n overlap=2 N=50 P=200,GEMSS_logistic,classification,50,200,3,5,2,2,0.05,0.0,True,0.5,42,0.45454545454545453,0.5,0.47619047619047616,8.264462809917354,4.132231404958677,0.3125,3,10,5,6,5,0.34259259259259256,0,0,2,2,3,25.099202,Success
7,hd_clf_50x200_ov2_s42,Hard: clf small-n overlap=2 N=50 P=200,GEMSS_single,classification,50,200,3,5,2,2,0.05,0.0,True,0.5,42,0.18181818181818182,0.4,0.25000000000000006,3.3057851239669422,1.322314049586777,0.14285714285714285,1,5,2,9,3,0.08333333333333333,0,0,2,0,1,24.411917,Success
7,hd_clf_50x200_ov2_s7,Hard: clf small-n overlap=2 N=50 P=200,Masking_lasso,classification,50,200,3,5,2,2,0.05,0.0,True,0.5,7,0.6363636363636364,0.4666666666666667,0.5384615384615385,11.570247933884298,5.3994490358126725,0.3684210526315789,3,15,7,4,8,0.16666666666666666,0,0,2,0,3,0.006591,Success
7,hd_clf_50x200_ov2_s7,Hard: clf small-n overlap=2 N=50 P=200,Masking_elasticnet,classification,50,200,3,5,2,2,0.05,0.0,True,0.5,7,0.6363636363636364,0.4666666666666667,0.5384615384615385,11.570247933884298,5.3994490358126725,0.3684210526315789,3,15,7,4,8,0.16666666666666666,0,0,2,0,3,0.005785,Success
7,hd_clf_50x200_ov2_s7,Hard: clf small-n overlap=2 N=50 P=200,Masking_logistic,classification,50,200,3,5,2,2,0.05,0.0,True,0.5,7,0.7272727272727273,0.5333333333333333,0.6153846153846153,13.223140495867769,7.0523415977961434,0.4444444444444444,3,15,8,3,7,0.20370370370370372,0,0,2,0,3,0.005608,Success
7,hd_clf_50x200_ov2_s7,Hard: clf small-n overlap=2 N=50 P=200,StabilitySelection,classification,50,200,3,5,2,2,0.05,0.0,True,0.5,7,0.09090909090909091,0.5,0.15384615384615385,1.6528925619834711,0.8264462809917356,0.08333333333333333,1,2,1,10,1,0.05555555555555555,0,0,2,0,1,0.143229,Success
7,hd_clf_50x200_ov2_s7,Hard: clf small-n overlap=2 N=50 P=200,ALFESE_mi_tau1.0,classification,50,200,3,5,2,2,0.05,0.0,True,0.5,7,0.7272727272727273,0.5333333333333333,0.6153846153846153,13.223140495867769,7.0523415977961434,0.4444444444444444,3,15,8,3,7,0.20370370370370372,0,0,2,0,3,0.431487,Success
7,hd_clf_50x200_ov2_s7,Hard: clf small-n overlap=2 N=50 P=200,ALFESE_greedy_tau1.0,classification,50,200,3,5,2,2,0.05,0.0,True,0.5,7,0.09090909090909091,0.06666666666666667,0.07692307692307691,1.6528925619834711,0.11019283746556474,0.04,3,15,1,10,14,0.037037037037037035,0,0,2,0,3,7.673952,Success
7,hd_clf_50x200_ov2_s7,Hard: clf small-n overlap=2 N=50 P=200,ALFESE_importance_tau1.0,classification,50,200,3,5,2,2,0.05,0.0,True,0.5,7,0.09090909090909091,0.06666666666666667,0.07692307692307691,1.6528925619834711,0.11019283746556474,0.04,3,15,1,10,14,0.037037037037037035,0,0,2,0,3,0.079352,Success
7,hd_clf_50x200_ov2_s7,Hard: clf small-n overlap=2 N=50 P=200,GEMSS,classification,50,200,3,5,2,2,0.05,0.0,True,0.5,7,0.2727272727272727,0.2,0.23076923076923075,4.958677685950414,0.9917355371900828,0.13043478260869565,3,15,3,8,12,0.07407407407407407,0,0,2,0,3,25.388588,Success
7,hd_clf_50x200_ov2_s7,Hard: clf small-n overlap=2 N=50 P=200,GEMSS_noreg,classification,50,200,3,5,2,2,0.05,0.0,True,0.5,7,0.36363636363636365,0.2857142857142857,0.32,6.6115702479338845,1.8890200708382525,0.19047619047619047,3,14,4,7,10,0.12037037037037036,0,0,2,0,3,20.956756,Success
7,hd_clf_50x200_ov2_s7,Hard: clf small-n overlap=2 N=50 P=200,GEMSS_logistic,classification,50,200,3,5,2,2,0.05,0.0,True,0.5,7,0.45454545454545453,0.4166666666666667,0.43478260869565216,8.264462809917354,3.443526170798898,0.2777777777777778,3,12,5,6,7,0.12037037037037036,0,0,2,0,3,24.931888,Success
7,hd_clf_50x200_ov2_s7,Hard: clf small-n overlap=2 N=50 P=200,GEMSS_single,classification,50,200,3,5,2,2,0.05,0.0,True,0.5,7,0.2727272727272727,0.6,0.37499999999999994,4.958677685950414,2.9752066115702482,0.23076923076923078,1,5,3,8,2,0.08333333333333333,0,0,2,0,1,24.460103,Success
7,hd_clf_50x200_ov2_s123,Hard: clf small-n overlap=2 N=50 P=200,Masking_lasso,classification,50,200,3,5,2,2,0.05,0.0,True,0.5,123,0.8181818181818182,0.6,0.6923076923076923,14.87603305785124,8.925619834710744,0.5294117647058824,3,15,9,2,6,0.38888888888888884,0,0,2,0,3,0.006421,Success
7,hd_clf_50x200_ov2_s123,Hard: clf small-n overlap=2 N=50 P=200,Masking_elasticnet,classification,50,200,3,5,2,2,0.05,0.0,True,0.5,123,0.8181818181818182,0.6,0.6923076923076923,14.87603305785124,8.925619834710744,0.5294117647058824,3,15,9,2,6,0.38888888888888884,0,0,2,0,3,0.005819,Success
7,hd_clf_50x200_ov2_s123,Hard: clf small-n overlap=2 N=50 P=200,Masking_logistic,classification,50,200,3,5,2,2,0.05,0.0,True,0.5,123,0.8181818181818182,0.6,0.6923076923076923,14.87603305785124,8.925619834710744,0.5294117647058824,3,15,9,2,6,0.38888888888888884,0,0,2,0,3,0.005602,Success
7,hd_clf_50x200_ov2_s123,Hard: clf small-n overlap=2 N=50 P=200,StabilitySelection,classification,50,200,3,5,2,2,0.05,0.0,True,0.5,123,0.18181818181818182,0.6666666666666666,0.28571428571428575,3.3057851239669422,2.203856749311295,0.16666666666666666,1,3,2,9,1,0.1111111111111111,0,0,2,0,1,0.147045,Success
7,hd_clf_50x200_ov2_s123,Hard: clf small-n overlap=2 N=50 P=200,ALFESE_mi_tau1.0,classification,50,200,3,5,2,2,0.05,0.0,True,0.5,123,0.7272727272727273,0.5333333333333333,0.6153846153846153,13.223140495867769,7.0523415977961434,0.4444444444444444,3,15,8,3,7,0.2261904761904762,0,0,2,0,3,0.431099,Success
7,hd_clf_50x200_ov2_s123,Hard: clf small-n overlap=2 N=50 P=200,ALFESE_greedy_tau1.0,classification,50,200,3,5,2,2,0.05,0.0,True,0.5,123,0.0,0.0,0.0,0.0,0.0,0.0,3,15,0,11,15,0.0,0,0,2,0,3,8.009701,Success
7,hd_clf_50x200_ov2_s123,Hard: clf small-n overlap=2 N=50 P=200,ALFESE_importance_tau1.0,classification,50,200,3,5,2,2,0.05,0.0,True,0.5,123,0.09090909090909091,0.06666666666666667,0.07692307692307691,1.6528925619834711,0.11019283746556474,0.04,3,15,1,10,14,0.037037037037037035,0,0,2,0,3,0.079915,Success
7,hd_clf_50x200_ov2_s123,Hard: clf small-n overlap=2 N=50 P=200,GEMSS,classification,50,200,3,5,2,2,0.05,0.0,True,0.5,123,0.2727272727272727,0.21428571428571427,0.23999999999999996,4.958677685950414,1.062573789846517,0.13636363636363635,3,14,3,8,11,0.16666666666666666,0,0,2,0,3,24.782983,Success
7,hd_clf_50x200_ov2_s123,Hard: clf small-n overlap=2 N=50 P=200,GEMSS_noreg,classification,50,200,3,5,2,2,0.05,0.0,True,0.5,123,0.5454545454545454,0.6,0.5714285714285713,9.917355371900827,5.9504132231404965,0.4,3,10,6,5,4,0.20370370370370372,0,0,2,0,3,20.926548,Success
7,hd_clf_50x200_ov2_s123,Hard: clf small-n overlap=2 N=50 P=200,GEMSS_logistic,classification,50,200,3,5,2,2,0.05,0.0,True,0.5,123,0.45454545454545453,0.7142857142857143,0.5555555555555556,8.264462809917354,5.903187721369539,0.38461538461538464,3,7,5,6,2,0.20370370370370372,0,0,2,0,3,24.664648,Success
7,hd_clf_50x200_ov2_s123,Hard: clf small-n overlap=2 N=50 P=200,GEMSS_single,classification,50,200,3,5,2,2,0.05,0.0,True,0.5,123,0.09090909090909091,0.2,0.12500000000000003,1.6528925619834711,0.3305785123966942,0.06666666666666667,1,5,1,10,4,0.037037037037037035,0,0,2,0,1,24.435002,Success
8,hd_clf_50x200_ov4_s42,Hard: clf small-n overlap=4 N=50 P=200,Masking_lasso,classification,50,200,3,5,2,4,0.05,0.0,True,0.5,42,0.7142857142857143,0.3333333333333333,0.4545454545454545,20.408163265306122,6.802721088435374,0.29411764705882354,3,15,5,2,10,0.16666666666666666,0,0,4,0,3,0.006858,Success
8,hd_clf_50x200_ov4_s42,Hard: clf small-n overlap=4 N=50 P=200,Masking_elasticnet,classification,50,200,3,5,2,4,0.05,0.0,True,0.5,42,0.7142857142857143,0.3333333333333333,0.4545454545454545,20.408163265306122,6.802721088435374,0.29411764705882354,3,15,5,2,10,0.16666666666666666,0,0,4,0,3,0.00605,Success
8,hd_clf_50x200_ov4_s42,Hard: clf small-n overlap=4 N=50 P=200,Masking_logistic,classification,50,200,3,5,2,4,0.05,0.0,True,0.5,42,0.7142857142857143,0.3333333333333333,0.4545454545454545,20.408163265306122,6.802721088435374,0.29411764705882354,3,15,5,2,10,0.16666666666666666,0,0,4,0,3,0.005924,Success
8,hd_clf_50x200_ov4_s42,Hard: clf small-n overlap=4 N=50 P=200,StabilitySelection,classification,50,200,3,5,2,4,0.05,0.0,True,0.5,42,0.2857142857142857,1.0,0.4444444444444445,8.16326530612245,8.16326530612245,0.2857142857142857,1,2,2,5,0,0.13333333333333333,0,0,4,0,1,0.136461,Success
8,hd_clf_50x200_ov4_s42,Hard: clf small-n overlap=4 N=50 P=200,ALFESE_mi_tau1.0,classification,50,200,3,5,2,4,0.05,0.0,True,0.5,42,0.5714285714285714,0.26666666666666666,0.36363636363636365,16.3265306122449,4.35374149659864,0.2222222222222222,3,15,4,3,11,0.16666666666666666,0,0,4,0,3,0.410754,Success
8,hd_clf_50x200_ov4_s42,Hard: clf small-n overlap=4 N=50 P=200,ALFESE_greedy_tau1.0,classification,50,200,3,5,2,4,0.05,0.0,True,0.5,42,0.0,0.0,0.0,0.0,0.0,0.0,3,15,0,7,15,0.0,0,0,4,0,3,8.364268,Success
8,hd_clf_50x200_ov4_s42,Hard: clf small-n overlap=4 N=50 P=200,ALFESE_importance_tau1.0,classification,50,200,3,5,2,4,0.05,0.0,True,0.5,42,0.2857142857142857,0.13333333333333333,0.18181818181818182,8.16326530612245,1.08843537414966,0.1,3,15,2,5,13,0.07407407407407407,0,0,4,0,3,0.084041,Success
8,hd_clf_50x200_ov4_s42,Hard: clf small-n overlap=4 N=50 P=200,GEMSS,classification,50,200,3,5,2,4,0.05,0.0,True,0.5,42,0.42857142857142855,0.21428571428571427,0.2857142857142857,12.244897959183673,2.6239067055393583,0.16666666666666666,3,14,3,4,11,0.12037037037037036,0,0,4,0,3,25.015125,Success
8,hd_clf_50x200_ov4_s42,Hard: clf small-n overlap=4 N=50 P=200,GEMSS_noreg,classification,50,200,3,5,2,4,0.05,0.0,True,0.5,42,0.5714285714285714,0.3076923076923077,0.4,16.3265306122449,5.023547880690738,0.25,3,13,4,3,9,0.16666666666666666,0,0,4,0,3,21.064313,Success
8,hd_clf_50x200_ov4_s42,Hard: clf small-n overlap=4 N=50 P=200,GEMSS_logistic,classification,50,200,3,5,2,4,0.05,0.0,True,0.5,42,0.2857142857142857,0.16666666666666666,0.2105263157894737,8.16326530612245,1.3605442176870748,0.11764705882352941,3,12,2,5,10,0.12037037037037036,0,0,4,0,3,24.687314,Success
8,hd_clf_50x200_ov4_s42,Hard: clf small-n overlap=4 N=50 P=200,GEMSS_single,classification,50,200,3,5,2,4,0.05,0.0,True,0.5,42,0.2857142857142857,0.4,0.3333333333333333,8.16326530612245,3.2653061224489797,0.2,1,5,2,5,3,0.08333333333333333,0,0,4,0,1,24.59373,Success
8,hd_clf_50x200_ov4_s7,Hard: clf small-n overlap=4 N=50 P=200,Masking_lasso,classification,50,200,3,5,2,4,0.05,0.0,True,0.5,7,0.8571428571428571,0.4,0.5454545454545455,24.489795918367346,9.795918367346939,0.375,3,15,6,1,9,0.20370370370370372,0,0,4,0,3,0.006638,Success
8,hd_clf_50x200_ov4_s7,Hard: clf small-n overlap=4 N=50 P=200,Masking_elasticnet,classification,50,200,3,5,2,4,0.05,0.0,True,0.5,7,0.8571428571428571,0.4,0.5454545454545455,24.489795918367346,9.795918367346939,0.375,3,15,6,1,9,0.20370370370370372,0,0,4,0,3,0.006034,Success
8,hd_clf_50x200_ov4_s7,Hard: clf small-n overlap=4 N=50 P=200,Masking_logistic,classification,50,200,3,5,2,4,0.05,0.0,True,0.5,7,0.5714285714285714,0.26666666666666666,0.36363636363636365,16.3265306122449,4.35374149659864,0.2222222222222222,3,15,4,3,11,0.1574074074074074,0,0,4,0,3,0.005972,Success
8,hd_clf_50x200_ov4_s7,Hard: clf small-n overlap=4 N=50 P=200,StabilitySelection,classification,50,200,3,5,2,4,0.05,0.0,True,0.5,7,0.14285714285714285,1.0,0.25,4.081632653061225,4.081632653061225,0.14285714285714285,1,1,1,6,0,0.06666666666666667,0,0,4,0,1,0.142655,Success
8,hd_clf_50x200_ov4_s7,Hard: clf small-n overlap=4 N=50 P=200,ALFESE_mi_tau1.0,classification,50,200,3,5,2,4,0.05,0.0,True,0.5,7,0.5714285714285714,0.26666666666666666,0.36363636363636365,16.3265306122449,4.35374149659864,0.2222222222222222,3,15,4,3,11,0.12037037037037036,0,0,4,0,3,0.42673,Success
8,hd_clf_50x200_ov4_s7,Hard: clf small-n overlap=4 N=50 P=200,ALFESE_greedy_tau1.0,classification,50,200,3,5,2,4,0.05,0.0,True,0.5,7,0.14285714285714285,0.06666666666666667,0.09090909090909091,4.081632653061225,0.272108843537415,0.047619047619047616,3,15,1,6,14,0.037037037037037035,0,0,4,0,3,7.692659,Success
8,hd_clf_50x200_ov4_s7,Hard: clf small-n overlap=4 N=50 P=200,ALFESE_importance_tau1.0,classification,50,200,3,5,2,4,0.05,0.0,True,0.5,7,0.14285714285714285,0.06666666666666667,0.09090909090909091,4.081632653061225,0.272108843537415,0.047619047619047616,3,15,1,6,14,0.037037037037037035,0,0,4,0,3,0.062872,Success
8,hd_clf_50x200_ov4_s7,Hard: clf small-n overlap=4 N=50 P=200,GEMSS,classification,50,200,3,5,2,4,0.05,0.0,True,0.5,7,0.42857142857142855,0.21428571428571427,0.2857142857142857,12.244897959183673,2.6239067055393583,0.16666666666666666,3,14,3,4,11,0.12037037037037036,0,0,4,0,3,24.967599,Success
8,hd_clf_50x200_ov4_s7,Hard: clf small-n overlap=4 N=50 P=200,GEMSS_noreg,classification,50,200,3,5,2,4,0.05,0.0,True,0.5,7,0.5714285714285714,0.2857142857142857,0.38095238095238093,16.3265306122449,4.664723032069971,0.23529411764705882,3,14,4,3,10,0.16666666666666666,0,0,4,0,3,20.853009,Success
8,hd_clf_50x200_ov4_s7,Hard: clf small-n overlap=4 N=50 P=200,GEMSS_logistic,classification,50,200,3,5,2,4,0.05,0.0,True,0.5,7,0.5714285714285714,0.5,0.5333333333333333,16.3265306122449,8.16326530612245,0.36363636363636365,3,8,4,3,4,0.2632275132275132,0,0,4,0,3,24.747859,Success
8,hd_clf_50x200_ov4_s7,Hard: clf small-n overlap=4 N=50 P=200,GEMSS_single,classification,50,200,3,5,2,4,0.05,0.0,True,0.5,7,0.2857142857142857,0.4,0.3333333333333333,8.16326530612245,3.2653061224489797,0.2,1,5,2,5,3,0.08333333333333333,0,0,4,0,1,24.542864,Success
8,hd_clf_50x200_ov4_s123,Hard: clf small-n overlap=4 N=50 P=200,Masking_lasso,classification,50,200,3,5,2,4,0.05,0.0,True,0.5,123,0.8571428571428571,0.4,0.5454545454545455,24.489795918367346,9.795918367346939,0.375,3,15,6,1,9,0.2261904761904762,0,0,4,0,3,0.006615,Success
8,hd_clf_50x200_ov4_s123,Hard: clf small-n overlap=4 N=50 P=200,Masking_elasticnet,classification,50,200,3,5,2,4,0.05,0.0,True,0.5,123,0.8571428571428571,0.4,0.5454545454545455,24.489795918367346,9.795918367346939,0.375,3,15,6,1,9,0.2261904761904762,0,0,4,0,3,0.005964,Success
8,hd_clf_50x200_ov4_s123,Hard: clf small-n overlap=4 N=50 P=200,Masking_logistic,classification,50,200,3,5,2,4,0.05,0.0,True,0.5,123,0.8571428571428571,0.4,0.5454545454545455,24.489795918367346,9.795918367346939,0.375,3,15,6,1,9,0.20370370370370372,0,0,4,0,3,0.005762,Success
8,hd_clf_50x200_ov4_s123,Hard: clf small-n overlap=4 N=50 P=200,StabilitySelection,classification,50,200,3,5,2,4,0.05,0.0,True,0.5,123,0.2857142857142857,0.6666666666666666,0.4,8.16326530612245,5.442176870748299,0.25,1,3,2,5,1,0.1111111111111111,0,0,4,0,1,0.14307,Success
8,hd_clf_50x200_ov4_s123,Hard: clf small-n overlap=4 N=50 P=200,ALFESE_mi_tau1.0,classification,50,200,3,5,2,4,0.05,0.0,True,0.5,123,0.5714285714285714,0.26666666666666666,0.36363636363636365,16.3265306122449,4.35374149659864,0.2222222222222222,3,15,4,3,11,0.1111111111111111,0,0,4,0,3,0.4335,Success
8,hd_clf_50x200_ov4_s123,Hard: clf small-n overlap=4 N=50 P=200,ALFESE_greedy_tau1.0,classification,50,200,3,5,2,4,0.05,0.0,True,0.5,123,0.0,0.0,0.0,0.0,0.0,0.0,3,15,0,7,15,0.0,0,0,4,0,3,7.848814,Success
8,hd_clf_50x200_ov4_s123,Hard: clf small-n overlap=4 N=50 P=200,ALFESE_importance_tau1.0,classification,50,200,3,5,2,4,0.05,0.0,True,0.5,123,0.14285714285714285,0.06666666666666667,0.09090909090909091,4.081632653061225,0.272108843537415,0.047619047619047616,3,15,1,6,14,0.037037037037037035,0,0,4,0,3,0.078453,Success
8,hd_clf_50x200_ov4_s123,Hard: clf small-n overlap=4 N=50 P=200,GEMSS,classification,50,200,3,5,2,4,0.05,0.0,True,0.5,123,0.2857142857142857,0.14285714285714285,0.19047619047619047,8.16326530612245,1.1661807580174928,0.10526315789473684,3,14,2,5,12,0.07407407407407407,0,0,4,0,3,24.752733,Success
8,hd_clf_50x200_ov4_s123,Hard: clf small-n overlap=4 N=50 P=200,GEMSS_noreg,classification,50,200,3,5,2,4,0.05,0.0,True,0.5,123,0.5714285714285714,0.3333333333333333,0.4210526315789474,16.3265306122449,5.442176870748299,0.26666666666666666,3,12,4,3,8,0.1574074074074074,0,0,4,0,3,21.023164,Success
8,hd_clf_50x200_ov4_s123,Hard: clf small-n overlap=4 N=50 P=200,GEMSS_logistic,classification,50,200,3,5,2,4,0.05,0.0,True,0.5,123,0.7142857142857143,0.5,0.588235294117647,20.408163265306122,10.204081632653061,0.4166666666666667,3,10,5,2,5,0.30952380952380953,0,0,4,0,3,24.666909,Success
8,hd_clf_50x200_ov4_s123,Hard: clf small-n overlap=4 N=50 P=200,GEMSS_single,classification,50,200,3,5,2,4,0.05,0.0,True,0.5,123,0.2857142857142857,0.4,0.3333333333333333,8.16326530612245,3.2653061224489797,0.2,1,5,2,5,3,0.037037037037037035,0,0,4,0,1,24.352915,Success
9,hd_reg_100x200_ov2_s42,Hard: reg overlap=2 N=100 P=200,Masking_lasso,regression,100,200,3,5,2,2,0.05,0.0,False,0.5,42,0.9090909090909091,0.6666666666666666,0.7692307692307692,16.52892561983471,11.019283746556471,0.625,3,15,10,1,5,0.2857142857142857,0,0,2,0,3,0.05369,Success
9,hd_reg_100x200_ov2_s42,Hard: reg overlap=2 N=100 P=200,Masking_elasticnet,regression,100,200,3,5,2,2,0.05,0.0,False,0.5,42,0.9090909090909091,0.6666666666666666,0.7692307692307692,16.52892561983471,11.019283746556471,0.625,3,15,10,1,5,0.2857142857142857,0,0,2,0,3,0.030403,Success
9,hd_reg_100x200_ov2_s42,Hard: reg overlap=2 N=100 P=200,StabilitySelection,regression,100,200,3,5,2,2,0.05,0.0,False,0.5,42,0.36363636363636365,0.8,0.5000000000000001,6.6115702479338845,5.289256198347108,0.3333333333333333,1,5,4,7,1,0.08333333333333333,0,0,2,0,1,1.108288,Success
9,hd_reg_100x200_ov2_s42,Hard: reg overlap=2 N=100 P=200,ALFESE_mi_tau1.0,regression,100,200,3,5,2,2,0.05,0.0,False,0.5,42,0.5454545454545454,0.4,0.4615384615384615,9.917355371900827,3.966942148760331,0.3,3,15,6,5,9,0.12037037037037036,0,0,2,0,3,0.455124,Success
9,hd_reg_100x200_ov2_s42,Hard: reg overlap=2 N=100 P=200,ALFESE_greedy_tau1.0,regression,100,200,3,5,2,2,0.05,0.0,False,0.5,42,0.0,1.0,0.0,0.0,0.0,0.0,1,0,0,11,0,0.0,0,0,2,0,0,0.050964,Success
9,hd_reg_100x200_ov2_s42,Hard: reg overlap=2 N=100 P=200,ALFESE_importance_tau1.0,regression,100,200,3,5,2,2,0.05,0.0,False,0.5,42,,,,,,,,,,,,,"Failed: Unknown label type: continuous. Maybe you are trying to fit a classifier, which expects discrete classes on a regression target with continuous values."
9,hd_reg_100x200_ov2_s42,Hard: reg overlap=2 N=100 P=200,GEMSS,regression,100,200,3,5,2,2,0.05,0.0,False,0.5,42,0.5454545454545454,1.0,0.7058823529411764,9.917355371900827,9.917355371900827,0.5454545454545454,3,6,6,5,0,0.32275132275132273,0,0,2,0,3,25.526017,Success
9,hd_reg_100x200_ov2_s42,Hard: reg overlap=2 N=100 P=200,GEMSS_noreg,regression,100,200,3,5,2,2,0.05,0.0,False,0.5,42,0.45454545454545453,1.0,0.625,8.264462809917354,8.264462809917354,0.45454545454545453,3,5,5,6,0,0.32275132275132273,0,0,2,0,3,21.66903,Success
9,hd_reg_100x200_ov2_s42,Hard: reg overlap=2 N=100 P=200,GEMSS_single,regression,100,200,3,5,2,2,0.05,0.0,False,0.5,42,0.45454545454545453,1.0,0.625,8.264462809917354,8.264462809917354,0.45454545454545453,1,5,5,6,0,0.14285714285714285,0,0,2,0,1,25.227839,Success
9,hd_reg_100x200_ov2_s7,Hard: reg overlap=2 N=100 P=200,Masking_lasso,regression,100,200,3,5,2,2,0.05,0.0,False,0.5,7,1.0,0.7333333333333333,0.846153846153846,18.181818181818183,13.333333333333334,0.7333333333333333,3,15,11,0,4,0.4021164021164021,0,0,2,0,3,0.059326,Success
9,hd_reg_100x200_ov2_s7,Hard: reg overlap=2 N=100 P=200,Masking_elasticnet,regression,100,200,3,5,2,2,0.05,0.0,False,0.5,7,0.9090909090909091,0.6666666666666666,0.7692307692307692,16.52892561983471,11.019283746556471,0.625,3,15,10,1,5,0.36507936507936506,0,0,2,1,3,0.034126,Success
9,hd_reg_100x200_ov2_s7,Hard: reg overlap=2 N=100 P=200,StabilitySelection,regression,100,200,3,5,2,2,0.05,0.0,False,0.5,7,0.36363636363636365,0.8,0.5000000000000001,6.6115702479338845,5.289256198347108,0.3333333333333333,1,5,4,7,1,0.14285714285714285,0,0,2,0,1,2.116589,Success
9,hd_reg_100x200_ov2_s7,Hard: reg overlap=2 N=100 P=200,ALFESE_mi_tau1.0,regression,100,200,3,5,2,2,0.05,0.0,False,0.5,7,0.6363636363636364,0.4666666666666667,0.5384615384615385,11.570247933884298,5.3994490358126725,0.3684210526315789,3,15,7,4,8,0.2169312169312169,0,0,2,1,3,0.459253,Success
9,hd_reg_100x200_ov2_s7,Hard: reg overlap=2 N=100 P=200,ALFESE_greedy_tau1.0,regression,100,200,3,5,2,2,0.05,0.0,False,0.5,7,0.0,1.0,0.0,0.0,0.0,0.0,1,0,0,11,0,0.0,0,0,2,0,0,0.05093,Success
9,hd_reg_100x200_ov2_s7,Hard: reg overlap=2 N=100 P=200,ALFESE_importance_tau1.0,regression,100,200,3,5,2,2,0.05,0.0,False,0.5,7,,,,,,,,,,,,,"Failed: Unknown label type: continuous. Maybe you are trying to fit a classifier, which expects discrete classes on a regression target with continuous values."
9,hd_reg_100x200_ov2_s7,Hard: reg overlap=2 N=100 P=200,GEMSS,regression,100,200,3,5,2,2,0.05,0.0,False,0.5,7,0.45454545454545453,1.0,0.625,8.264462809917354,8.264462809917354,0.45454545454545453,3,5,5,6,0,0.4484126984126984,0,0,2,3,3,25.555711,Success
9,hd_reg_100x200_ov2_s7,Hard: reg overlap=2 N=100 P=200,GEMSS_noreg,regression,100,200,3,5,2,2,0.05,0.0,False,0.5,7,0.45454545454545453,1.0,0.625,8.264462809917354,8.264462809917354,0.45454545454545453,3,5,5,6,0,0.4484126984126984,0,0,2,3,3,21.445633,Success
9,hd_reg_100x200_ov2_s7,Hard: reg overlap=2 N=100 P=200,GEMSS_single,regression,100,200,3,5,2,2,0.05,0.0,False,0.5,7,0.45454545454545453,1.0,0.625,8.264462809917354,8.264462809917354,0.45454545454545453,1,5,5,6,0,0.2222222222222222,0,0,2,1,1,24.896574,Success
9,hd_reg_100x200_ov2_s123,Hard: reg overlap=2 N=100 P=200,Masking_lasso,regression,100,200,3,5,2,2,0.05,0.0,False,0.5,123,0.7272727272727273,0.5333333333333333,0.6153846153846153,13.223140495867769,7.0523415977961434,0.4444444444444444,3,15,8,3,7,0.2169312169312169,0,0,2,0,3,0.0241,Success
9,hd_reg_100x200_ov2_s123,Hard: reg overlap=2 N=100 P=200,Masking_elasticnet,regression,100,200,3,5,2,2,0.05,0.0,False,0.5,123,0.9090909090909091,0.6666666666666666,0.7692307692307692,16.52892561983471,11.019283746556471,0.625,3,15,10,1,5,0.36507936507936506,0,0,2,1,3,0.022635,Success
9,hd_reg_100x200_ov2_s123,Hard: reg overlap=2 N=100 P=200,StabilitySelection,regression,100,200,3,5,2,2,0.05,0.0,False,0.5,123,0.2727272727272727,1.0,0.42857142857142855,4.958677685950414,4.958677685950414,0.2727272727272727,1,3,3,8,0,0.1111111111111111,0,0,2,0,1,0.727464,Success
9,hd_reg_100x200_ov2_s123,Hard: reg overlap=2 N=100 P=200,ALFESE_mi_tau1.0,regression,100,200,3,5,2,2,0.05,0.0,False,0.5,123,0.9090909090909091,0.6666666666666666,0.7692307692307692,16.52892561983471,11.019283746556471,0.625,3,15,10,1,5,0.2632275132275132,0,0,2,0,3,0.457615,Success
9,hd_reg_100x200_ov2_s123,Hard: reg overlap=2 N=100 P=200,ALFESE_greedy_tau1.0,regression,100,200,3,5,2,2,0.05,0.0,False,0.5,123,0.0,1.0,0.0,0.0,0.0,0.0,1,0,0,11,0,0.0,0,0,2,0,0,0.049309,Success
9,hd_reg_100x200_ov2_s123,Hard: reg overlap=2 N=100 P=200,ALFESE_importance_tau1.0,regression,100,200,3,5,2,2,0.05,0.0,False,0.5,123,,,,,,,,,,,,,"Failed: Unknown label type: continuous. Maybe you are trying to fit a classifier, which expects discrete classes on a regression target with continuous values."
9,hd_reg_100x200_ov2_s123,Hard: reg overlap=2 N=100 P=200,GEMSS,regression,100,200,3,5,2,2,0.05,0.0,False,0.5,123,0.45454545454545453,1.0,0.625,8.264462809917354,8.264462809917354,0.45454545454545453,3,5,5,6,0,0.44841269841269843,0,0,2,3,3,25.485509,Success
9,hd_reg_100x200_ov2_s123,Hard: reg overlap=2 N=100 P=200,GEMSS_noreg,regression,100,200,3,5,2,2,0.05,0.0,False,0.5,123,0.45454545454545453,1.0,0.625,8.264462809917354,8.264462809917354,0.45454545454545453,3,5,5,6,0,0.44841269841269843,0,0,2,3,3,21.65083,Success
9,hd_reg_100x200_ov2_s123,Hard: reg overlap=2 N=100 P=200,GEMSS_single,regression,100,200,3,5,2,2,0.05,0.0,False,0.5,123,0.45454545454545453,1.0,0.625,8.264462809917354,8.264462809917354,0.45454545454545453,1,5,5,6,0,0.2222222222222222,0,0,2,1,1,25.54974,Success
10,hd_reg_100x200_ov4_s42,Hard: reg overlap=4 N=100 P=200,Masking_lasso,regression,100,200,3,5,2,4,0.05,0.0,False,0.5,42,1.0,0.4666666666666667,0.6363636363636364,28.571428571428573,13.333333333333334,0.4666666666666667,3,15,7,0,8,0.26322751322751325,0,0,4,0,3,0.043799,Success
10,hd_reg_100x200_ov4_s42,Hard: reg overlap=4 N=100 P=200,Masking_elasticnet,regression,100,200,3,5,2,4,0.05,0.0,False,0.5,42,1.0,0.4666666666666667,0.6363636363636364,28.571428571428573,13.333333333333334,0.4666666666666667,3,15,7,0,8,0.3703703703703704,1,1,4,1,3,0.020936,Success
10,hd_reg_100x200_ov4_s42,Hard: reg overlap=4 N=100 P=200,StabilitySelection,regression,100,200,3,5,2,4,0.05,0.0,False,0.5,42,0.42857142857142855,0.75,0.5454545454545454,12.244897959183673,9.183673469387754,0.375,1,4,3,4,1,0.16666666666666666,0,0,4,0,1,0.926959,Success
10,hd_reg_100x200_ov4_s42,Hard: reg overlap=4 N=100 P=200,ALFESE_mi_tau1.0,regression,100,200,3,5,2,4,0.05,0.0,False,0.5,42,0.7142857142857143,0.3333333333333333,0.4545454545454545,20.408163265306122,6.802721088435374,0.29411764705882354,3,15,5,2,10,0.2261904761904762,0,0,4,0,3,0.462116,Success
10,hd_reg_100x200_ov4_s42,Hard: reg overlap=4 N=100 P=200,ALFESE_greedy_tau1.0,regression,100,200,3,5,2,4,0.05,0.0,False,0.5,42,0.0,1.0,0.0,0.0,0.0,0.0,1,0,0,7,0,0.0,0,0,4,0,0,0.047383,Success
10,hd_reg_100x200_ov4_s42,Hard: reg overlap=4 N=100 P=200,ALFESE_importance_tau1.0,regression,100,200,3,5,2,4,0.05,0.0,False,0.5,42,,,,,,,,,,,,,"Failed: Unknown label type: continuous. Maybe you are trying to fit a classifier, which expects discrete classes on a regression target with continuous values."
10,hd_reg_100x200_ov4_s42,Hard: reg overlap=4 N=100 P=200,GEMSS,regression,100,200,3,5,2,4,0.05,0.0,False,0.5,42,0.8571428571428571,1.0,0.923076923076923,24.489795918367346,24.489795918367346,0.8571428571428571,3,6,6,1,0,0.7777777777777777,1,1,4,2,3,26.671446,Success
10,hd_reg_100x200_ov4_s42,Hard: reg overlap=4 N=100 P=200,GEMSS_noreg,regression,100,200,3,5,2,4,0.05,0.0,False,0.5,42,0.8571428571428571,1.0,0.923076923076923,24.489795918367346,24.489795918367346,0.8571428571428571,3,6,6,1,0,0.7777777777777777,1,1,4,2,3,21.680355,Success
10,hd_reg_100x200_ov4_s42,Hard: reg overlap=4 N=100 P=200,GEMSS_single,regression,100,200,3,5,2,4,0.05,0.0,False,0.5,42,0.7142857142857143,1.0,0.8333333333333333,20.408163265306122,20.408163265306122,0.7142857142857143,1,5,5,2,0,0.3333333333333333,1,1,4,1,1,25.035444,Success
10,hd_reg_100x200_ov4_s7,Hard: reg overlap=4 N=100 P=200,Masking_lasso,regression,100,200,3,5,2,4,0.05,0.0,False,0.5,7,0.7142857142857143,0.3333333333333333,0.4545454545454545,20.408163265306122,6.802721088435374,0.29411764705882354,3,15,5,2,10,0.2261904761904762,0,0,4,0,3,0.032071,Success
10,hd_reg_100x200_ov4_s7,Hard: reg overlap=4 N=100 P=200,Masking_elasticnet,regression,100,200,3,5,2,4,0.05,0.0,False,0.5,7,0.7142857142857143,0.3333333333333333,0.4545454545454545,20.408163265306122,6.802721088435374,0.29411764705882354,3,15,5,2,10,0.3333333333333333,1,1,4,1,3,0.024393,Success
10,hd_reg_100x200_ov4_s7,Hard: reg overlap=4 N=100 P=200,StabilitySelection,regression,100,200,3,5,2,4,0.05,0.0,False,0.5,7,0.42857142857142855,0.6,0.5,12.244897959183673,7.346938775510203,0.3333333333333333,1,5,3,4,2,0.14285714285714285,0,0,4,0,1,0.798707,Success
10,hd_reg_100x200_ov4_s7,Hard: reg overlap=4 N=100 P=200,ALFESE_mi_tau1.0,regression,100,200,3,5,2,4,0.05,0.0,False,0.5,7,0.7142857142857143,0.3333333333333333,0.4545454545454545,20.408163265306122,6.802721088435374,0.29411764705882354,3,15,5,2,10,0.2169312169312169,0,0,4,0,3,0.44842,Success
10,hd_reg_100x200_ov4_s7,Hard: reg overlap=4 N=100 P=200,ALFESE_greedy_tau1.0,regression,100,200,3,5,2,4,0.05,0.0,False,0.5,7,0.0,1.0,0.0,0.0,0.0,0.0,1,0,0,7,0,0.0,0,0,4,0,0,0.048119,Success
10,hd_reg_100x200_ov4_s7,Hard: reg overlap=4 N=100 P=200,ALFESE_importance_tau1.0,regression,100,200,3,5,2,4,0.05,0.0,False,0.5,7,,,,,,,,,,,,,"Failed: Unknown label type: continuous. Maybe you are trying to fit a classifier, which expects discrete classes on a regression target with continuous values."
10,hd_reg_100x200_ov4_s7,Hard: reg overlap=4 N=100 P=200,GEMSS,regression,100,200,3,5,2,4,0.05,0.0,False,0.5,7,0.7142857142857143,1.0,0.8333333333333333,20.408163265306122,20.408163265306122,0.7142857142857143,3,5,5,2,0,0.7777777777777777,1,1,4,3,3,25.314265,Success
10,hd_reg_100x200_ov4_s7,Hard: reg overlap=4 N=100 P=200,GEMSS_noreg,regression,100,200,3,5,2,4,0.05,0.0,False,0.5,7,0.7142857142857143,1.0,0.8333333333333333,20.408163265306122,20.408163265306122,0.7142857142857143,3,5,5,2,0,0.7777777777777777,1,1,4,3,3,21.431021,Success
10,hd_reg_100x200_ov4_s7,Hard: reg overlap=4 N=100 P=200,GEMSS_single,regression,100,200,3,5,2,4,0.05,0.0,False,0.5,7,0.7142857142857143,1.0,0.8333333333333333,20.408163265306122,20.408163265306122,0.7142857142857143,1,5,5,2,0,0.3333333333333333,1,1,4,1,1,24.810417,Success
10,hd_reg_100x200_ov4_s123,Hard: reg overlap=4 N=100 P=200,Masking_lasso,regression,100,200,3,5,2,4,0.05,0.0,False,0.5,123,1.0,0.4666666666666667,0.6363636363636364,28.571428571428573,13.333333333333334,0.4666666666666667,3,15,7,0,8,0.3055555555555555,0,0,4,0,3,0.052945,Success
10,hd_reg_100x200_ov4_s123,Hard: reg overlap=4 N=100 P=200,Masking_elasticnet,regression,100,200,3,5,2,4,0.05,0.0,False,0.5,123,1.0,0.4666666666666667,0.6363636363636364,28.571428571428573,13.333333333333334,0.4666666666666667,3,15,7,0,8,0.3055555555555555,0,0,4,0,3,0.0257,Success
10,hd_reg_100x200_ov4_s123,Hard: reg overlap=4 N=100 P=200,StabilitySelection,regression,100,200,3,5,2,4,0.05,0.0,False,0.5,123,0.5714285714285714,1.0,0.7272727272727273,16.3265306122449,16.3265306122449,0.5714285714285714,1,4,4,3,0,0.16666666666666666,0,0,4,0,1,1.76677,Success
10,hd_reg_100x200_ov4_s123,Hard: reg overlap=4 N=100 P=200,ALFESE_mi_tau1.0,regression,100,200,3,5,2,4,0.05,0.0,False,0.5,123,1.0,0.4666666666666667,0.6363636363636364,28.571428571428573,13.333333333333334,0.4666666666666667,3,15,7,0,8,0.2632275132275132,0,0,4,0,3,0.455374,Success
10,hd_reg_100x200_ov4_s123,Hard: reg overlap=4 N=100 P=200,ALFESE_greedy_tau1.0,regression,100,200,3,5,2,4,0.05,0.0,False,0.5,123,0.0,1.0,0.0,0.0,0.0,0.0,1,0,0,7,0,0.0,0,0,4,0,0,0.048651,Success
10,hd_reg_100x200_ov4_s123,Hard: reg overlap=4 N=100 P=200,ALFESE_importance_tau1.0,regression,100,200,3,5,2,4,0.05,0.0,False,0.5,123,,,,,,,,,,,,,"Failed: Unknown label type: continuous. Maybe you are trying to fit a classifier, which expects discrete classes on a regression target with continuous values."
10,hd_reg_100x200_ov4_s123,Hard: reg overlap=4 N=100 P=200,GEMSS,regression,100,200,3,5,2,4,0.05,0.0,False,0.5,123,0.8571428571428571,1.0,0.923076923076923,24.489795918367346,24.489795918367346,0.8571428571428571,3,6,6,1,0,0.5873015873015873,0,0,4,0,3,25.658776,Success
10,hd_reg_100x200_ov4_s123,Hard: reg overlap=4 N=100 P=200,GEMSS_noreg,regression,100,200,3,5,2,4,0.05,0.0,False,0.5,123,0.8571428571428571,1.0,0.923076923076923,24.489795918367346,24.489795918367346,0.8571428571428571,3,6,6,1,0,0.5873015873015873,0,0,4,0,3,21.618677,Success
10,hd_reg_100x200_ov4_s123,Hard: reg overlap=4 N=100 P=200,GEMSS_single,regression,100,200,3,5,2,4,0.05,0.0,False,0.5,123,0.7142857142857143,1.0,0.8333333333333333,20.408163265306122,20.408163265306122,0.7142857142857143,1,5,5,2,0,0.2222222222222222,0,0,4,0,1,24.990521,Success
