method,n,p,overlap,noise,nan,seed,hp,sol_f1,union_f1,dissim,overlap_struct_err
ENS,100,200,4,0.2,0.0,1,{'alpha': 0.005},0.3333333333333333,0.4888888888888889,0.8208061002178649,0.07080610021786492
ENS,100,200,4,0.2,0.0,1,{'alpha': 0.01},0.3333333333333333,0.5531914893617023,0.9041394335511983,0.15413943355119827
ENS,100,200,4,0.2,0.0,1,{'alpha': 0.02},0.3,0.4782608695652174,0.8671023965141611,0.11710239651416121
ENS,100,200,4,0.2,0.0,1,{'alpha': 0.05},0.26666666666666666,0.4999999999999999,0.9236326109391125,0.1736326109391125
ENS,100,200,4,0.2,0.0,2,{'alpha': 0.005},0.3666666666666667,0.5957446808510639,0.9083820662768032,0.15838206627680312
ENS,100,200,4,0.2,0.0,2,{'alpha': 0.01},0.3,0.5531914893617023,0.9083820662768032,0.15838206627680312
ENS,100,200,4,0.2,0.0,2,{'alpha': 0.02},0.3333333333333333,0.5416666666666667,0.9259259259259259,0.17592592592592593
ENS,100,200,4,0.2,0.0,2,{'alpha': 0.05},0.4000000000000001,0.5652173913043478,0.8865955739020754,0.13659557390207544
ENS,100,200,4,0.2,0.0,3,{'alpha': 0.005},0.2333333333333333,0.4583333333333333,0.9083820662768032,0.15838206627680312
ENS,100,200,4,0.2,0.0,3,{'alpha': 0.01},0.43333333333333335,0.5909090909090909,0.7930283224400871,0.09858387799564268
ENS,100,200,4,0.2,0.0,3,{'alpha': 0.02},0.3,0.4888888888888889,0.8208061002178649,0.07080610021786492
ENS,100,200,4,0.2,0.0,3,{'alpha': 0.05},0.3333333333333333,0.4888888888888889,0.8402992776057792,0.09029927760577916
ENS,100,200,4,0.2,0.0,4,{'alpha': 0.005},0.26666666666666666,0.4255319148936171,0.9041394335511983,0.15413943355119827
ENS,100,200,4,0.2,0.0,4,{'alpha': 0.01},0.30000000000000004,0.5106382978723404,0.8865955739020754,0.13659557390207547
ENS,100,200,4,0.2,0.0,4,{'alpha': 0.02},0.26666666666666666,0.4999999999999999,0.9278752436647174,0.17787524366471738
ENS,100,200,4,0.2,0.0,4,{'alpha': 0.05},0.3666666666666667,0.5217391304347826,0.8865955739020754,0.13659557390207547
ENS,100,200,4,0.2,0.0,5,{'alpha': 0.005},0.5,0.5454545454545454,0.823529411764706,0.07352941176470587
ENS,100,200,4,0.2,0.0,5,{'alpha': 0.01},0.4000000000000001,0.5106382978723404,0.8865955739020754,0.13659557390207544
ENS,100,200,4,0.2,0.0,5,{'alpha': 0.02},0.4000000000000001,0.5652173913043478,0.8648090815273477,0.11480908152734777
ENS,100,200,4,0.2,0.0,5,{'alpha': 0.05},0.4000000000000001,0.4444444444444445,0.8578431372549019,0.10784313725490195
ENS,100,200,4,0.2,0.0,6,{'alpha': 0.005},0.3333333333333333,0.4782608695652174,0.8823529411764706,0.13235294117647056
ENS,100,200,4,0.2,0.0,6,{'alpha': 0.01},0.3,0.5652173913043478,0.8823529411764706,0.13235294117647056
ENS,100,200,4,0.2,0.0,6,{'alpha': 0.02},0.30000000000000004,0.4782608695652174,0.8823529411764706,0.13235294117647056
ENS,100,200,4,0.2,0.0,6,{'alpha': 0.05},0.43333333333333335,0.5909090909090909,0.7930283224400871,0.09858387799564268
ENS,100,200,4,0.2,0.0,7,{'alpha': 0.005},0.3666666666666667,0.5652173913043478,0.8648090815273477,0.11480908152734777
ENS,100,200,4,0.2,0.0,7,{'alpha': 0.01},0.3333333333333334,0.5652173913043478,0.8648090815273477,0.11480908152734777
ENS,100,200,4,0.2,0.0,7,{'alpha': 0.02},0.3333333333333333,0.5106382978723404,0.9083820662768032,0.15838206627680312
ENS,100,200,4,0.2,0.0,7,{'alpha': 0.05},0.3333333333333333,0.5531914893617023,0.9083820662768032,0.15838206627680312
ENS,100,200,4,0.2,0.0,8,{'alpha': 0.005},0.3333333333333333,0.5531914893617023,0.9041394335511983,0.15413943355119827
ENS,100,200,4,0.2,0.0,8,{'alpha': 0.01},0.30000000000000004,0.5106382978723404,0.8671023965141611,0.11710239651416121
ENS,100,200,4,0.2,0.0,8,{'alpha': 0.02},0.30000000000000004,0.5416666666666667,0.9083820662768032,0.15838206627680312
ENS,100,200,4,0.2,0.0,8,{'alpha': 0.05},0.3333333333333333,0.5531914893617023,0.8865955739020754,0.13659557390207544
ENS,100,200,4,0.2,0.0,9,{'alpha': 0.005},0.3333333333333333,0.43478260869565216,0.8648090815273477,0.11480908152734777
ENS,100,200,4,0.2,0.0,9,{'alpha': 0.01},0.26666666666666666,0.4999999999999999,0.9083820662768032,0.15838206627680312
ENS,100,200,4,0.2,0.0,9,{'alpha': 0.02},0.3333333333333333,0.46808510638297873,0.9041394335511983,0.15413943355119825
ENS,100,200,4,0.2,0.0,9,{'alpha': 0.05},0.3333333333333333,0.4999999999999999,0.9259259259259259,0.17592592592592593
ENS,100,200,4,0.2,0.0,10,{'alpha': 0.005},0.3,0.5106382978723404,0.9041394335511983,0.15413943355119827
ENS,100,200,4,0.2,0.0,10,{'alpha': 0.01},0.3333333333333333,0.4999999999999999,0.9259259259259259,0.17592592592592593
ENS,100,200,4,0.2,0.0,10,{'alpha': 0.02},0.3333333333333333,0.4255319148936171,0.9041394335511983,0.15413943355119825
ENS,100,200,4,0.2,0.0,10,{'alpha': 0.05},0.3666666666666667,0.5652173913043478,0.8648090815273477,0.11480908152734777
ENS,100,200,4,0.2,0.0,11,{'alpha': 0.005},0.26666666666666666,0.5116279069767442,0.7990196078431372,0.04901960784313725
ENS,100,200,4,0.2,0.0,11,{'alpha': 0.01},0.2666666666666667,0.5531914893617023,0.8888888888888888,0.1388888888888889
ENS,100,200,4,0.2,0.0,11,{'alpha': 0.02},0.2666666666666667,0.4888888888888889,0.8208061002178649,0.07080610021786492
ENS,100,200,4,0.2,0.0,11,{'alpha': 0.05},0.2666666666666667,0.5333333333333332,0.8620857699805068,0.11208576998050683
ENS,100,200,4,0.2,0.0,12,{'alpha': 0.005},0.3333333333333333,0.5217391304347826,0.8648090815273477,0.11480908152734777
ENS,100,200,4,0.2,0.0,12,{'alpha': 0.01},0.3,0.5652173913043478,0.8865955739020754,0.13659557390207544
ENS,100,200,4,0.2,0.0,12,{'alpha': 0.02},0.3,0.5217391304347826,0.8648090815273477,0.11480908152734777
ENS,100,200,4,0.2,0.0,12,{'alpha': 0.05},0.30000000000000004,0.5833333333333334,0.9236326109391125,0.1736326109391125
ENS,100,200,4,0.2,0.0,13,{'alpha': 0.005},0.3333333333333334,0.6086956521739131,0.8865955739020754,0.13659557390207547
ENS,100,200,4,0.2,0.0,13,{'alpha': 0.01},0.2333333333333334,0.5306122448979591,0.9278752436647174,0.17787524366471738
ENS,100,200,4,0.2,0.0,13,{'alpha': 0.02},0.30000000000000004,0.5416666666666667,0.9236326109391125,0.1736326109391125
ENS,100,200,4,0.2,0.0,13,{'alpha': 0.05},0.30000000000000004,0.5106382978723404,0.899122807017544,0.14912280701754385
ENS,100,200,4,0.2,0.0,14,{'alpha': 0.005},0.30000000000000004,0.5217391304347826,0.8648090815273477,0.11480908152734777
ENS,100,200,4,0.2,0.0,14,{'alpha': 0.01},0.26666666666666666,0.5714285714285714,0.9278752436647174,0.17787524366471738
ENS,100,200,4,0.2,0.0,14,{'alpha': 0.02},0.30000000000000004,0.5652173913043478,0.8865955739020754,0.13659557390207544
ENS,100,200,4,0.2,0.0,14,{'alpha': 0.05},0.2333333333333334,0.4255319148936171,0.8865955739020754,0.13659557390207544
ENS,100,200,4,0.2,0.0,15,{'alpha': 0.005},0.26666666666666666,0.5777777777777778,0.8402992776057792,0.09029927760577916
ENS,100,200,4,0.2,0.0,15,{'alpha': 0.01},0.4000000000000001,0.6666666666666666,0.823529411764706,0.07352941176470587
ENS,100,200,4,0.2,0.0,15,{'alpha': 0.02},0.3333333333333334,0.6249999999999999,0.9259259259259259,0.17592592592592593
ENS,100,200,4,0.2,0.0,15,{'alpha': 0.05},0.3333333333333333,0.5531914893617023,0.8865955739020754,0.13659557390207547
