method,overlap,seed,sol_f1,overlap_struct_err,n_distinct,sol_precision,sol_recall
A_GEMSS,0,42,0.4000000000000001,0.6666666666666666,3,0.4000000000000001,0.4000000000000001
B_BBSSL,0,42,0.2240740740740741,0.041666666666666664,161,0.2611111111111111,0.20000000000000004
C_RandLasso,0,42,0.3333333333333334,0.1111111111111111,6,0.3333333333333333,0.3333333333333333
EnumLasso,0,42,0.4000000000000001,0.7777777777777777,2,0.4000000000000001,0.4000000000000001
StabilitySel,0,42,0.2666666666666667,nan,1,0.26666666666666666,0.26666666666666666
A_GEMSS,0,7,0.39999999999999997,0.7777777777777777,2,0.39999999999999997,0.39999999999999997
B_BBSSL,0,7,0.15000000000000002,0.047619047619047616,169,0.17777777777777778,0.13333333333333333
C_RandLasso,0,7,0.46666666666666673,0.07407407407407407,6,0.4666666666666666,0.4666666666666666
EnumLasso,0,7,0.3333333333333333,1.0,1,0.3333333333333333,0.3333333333333333
StabilitySel,0,7,0.06666666666666668,nan,1,0.06666666666666667,0.06666666666666667
A_GEMSS,0,123,0.46666666666666673,0.5873015873015873,4,0.4666666666666666,0.4666666666666666
B_BBSSL,0,123,0.20000000000000004,0.1111111111111111,177,0.20000000000000004,0.20000000000000004
C_RandLasso,0,123,0.2666666666666667,0.1574074074074074,6,0.26666666666666666,0.26666666666666666
EnumLasso,0,123,0.3555555555555556,0.6333333333333333,5,0.3833333333333333,0.3333333333333333
StabilitySel,0,123,0.13333333333333336,nan,1,0.13333333333333333,0.13333333333333333
A_GEMSS,2,42,0.4666666666666666,0.75,1,0.4666666666666666,0.4666666666666666
B_BBSSL,2,42,0.06666666666666668,0.1388888888888889,170,0.06666666666666667,0.06666666666666667
C_RandLasso,2,42,0.4000000000000001,0.16666666666666666,6,0.4000000000000001,0.4000000000000001
EnumLasso,2,42,0.4666666666666666,0.75,1,0.4666666666666666,0.4666666666666666
StabilitySel,2,42,0.13333333333333336,nan,1,0.13333333333333333,0.13333333333333333
A_GEMSS,2,7,0.6000000000000001,0.5277777777777778,2,0.6000000000000001,0.6000000000000001
B_BBSSL,2,7,0.34814814814814815,0.17129629629629628,162,0.3666666666666667,0.3333333333333333
C_RandLasso,2,7,0.46666666666666673,0.15211640211640212,6,0.4666666666666666,0.4666666666666666
EnumLasso,2,7,0.4000000000000001,0.75,1,0.4000000000000001,0.4000000000000001
StabilitySel,2,7,0.19999999999999998,nan,1,0.19999999999999998,0.19999999999999998
A_GEMSS,2,123,0.6000000000000001,0.5277777777777777,2,0.6,0.6
B_BBSSL,2,123,0.14074074074074075,0.12962962962962962,162,0.15,0.13333333333333333
C_RandLasso,2,123,0.46666666666666673,0.15211640211640212,6,0.4666666666666666,0.4666666666666666
EnumLasso,2,123,0.46296296296296297,0.45,5,0.5555555555555555,0.4000000000000001
StabilitySel,2,123,0.16666666666666666,nan,1,0.2222222222222222,0.13333333333333333
A_GEMSS,4,42,0.8666666666666668,0.11111111111111112,2,0.8666666666666667,0.8666666666666667
B_BBSSL,4,42,0.2666666666666667,0.5555555555555556,170,0.26666666666666666,0.26666666666666666
C_RandLasso,4,42,0.5333333333333333,0.48677248677248675,6,0.5333333333333333,0.5333333333333333
EnumLasso,4,42,0.46666666666666673,0.11111111111111112,2,0.4666666666666666,0.4666666666666666
StabilitySel,4,42,0.22222222222222218,nan,1,0.25,0.19999999999999998
A_GEMSS,4,7,0.9333333333333335,0.11111111111111112,2,0.9333333333333332,0.9333333333333332
B_BBSSL,4,7,0.2666666666666667,0.6296296296296297,164,0.26666666666666666,0.26666666666666666
C_RandLasso,4,7,0.6000000000000001,0.46296296296296297,6,0.6000000000000001,0.6000000000000001
EnumLasso,4,7,0.6,0.3333333333333333,1,0.6,0.6
StabilitySel,4,7,0.19999999999999998,nan,1,0.19999999999999998,0.19999999999999998
A_GEMSS,4,123,0.7333333333333334,0.11111111111111112,2,0.7333333333333334,0.7333333333333334
B_BBSSL,4,123,0.2814814814814815,0.619047619047619,169,0.3,0.26666666666666666
C_RandLasso,4,123,0.5333333333333333,0.5462962962962963,6,0.5333333333333333,0.5333333333333333
EnumLasso,4,123,0.7333333333333334,0.3333333333333333,1,0.7333333333333334,0.7333333333333334
StabilitySel,4,123,0.22222222222222218,nan,1,0.25,0.19999999999999998
