Exp_Number,Experiment_ID,Experiment_Description,Method,Task,n_samples,n_features,n_generating_solutions,sparsity,latent_rank,overlap,noise_std,nan_ratio,binarize,binary_response_ratio,seed,Recall,Precision,F1_Score,Success_Index,Adjusted_SI,Jaccard,Solutions_Found,Total_Features_Selected,n_correct,n_missed,n_extra,sol_mean_jaccard,sol_precision,sol_recall,sol_f1,sol_hamming,sol_recovered_0.8,sol_exact,sol_core_size,sol_preds_with_core,true_dissim,recovered_dissim,overlap_struct_err,n_predicted,pred_mean,pred_best,Runtime_Sec,Status
1,ab_ov0_p200_s42,A/B overlap=0 p=200,GEMSS_logistic,classification,100,200,3,5,2,0,0.05,0.0,True,0.5,42,0.5333333333333333,1.0,0.6956521739130436,7.111111111111111,7.111111111111111,0.5333333333333333,6,8,8,7,0,0.4021164021164021,0.5333333333333333,0.5333333333333333,0.5333333333333333,4.666666666666667,0,0,0,0,1.0,0.4571428571428571,0.30952380952380953,6,0.9612167674087178,0.9799498746867167,17.443097,Success
1,ab_ov0_p200_s42,A/B overlap=0 p=200,GEMSS_kernel,classification,100,200,3,5,2,0,0.05,0.0,True,0.5,42,0.5333333333333333,0.5714285714285714,0.5517241379310344,7.111111111111111,4.063492063492063,0.38095238095238093,6,14,8,7,6,0.2632275132275132,0.4000000000000001,0.4000000000000001,0.4000000000000001,6.0,0,0,0,0,1.0,0.7026455026455026,0.36904761904761907,6,0.9762183235867447,0.9904761904761905,19.134776,Success
1,ab_ov0_p200_s42,A/B overlap=0 p=200,GEMSS_scalefixed,classification,100,200,3,5,2,0,0.05,0.0,True,0.5,42,0.4666666666666667,1.0,0.6363636363636364,6.222222222222222,6.222222222222222,0.4666666666666667,6,7,7,8,0,0.34259259259259256,0.4666666666666666,0.4666666666666666,0.4666666666666668,5.333333333333333,0,0,0,0,1.0,0.42222222222222217,0.6190476190476191,6,0.9794977640178878,0.9904761904761905,16.941611,Success
1,ab_ov0_p200_s42,A/B overlap=0 p=200,GEMSS,classification,100,200,3,5,2,0,0.05,0.0,True,0.5,42,0.4,0.2857142857142857,0.3333333333333333,5.333333333333333,1.5238095238095237,0.2,6,21,6,9,15,0.3055555555555555,0.4000000000000001,0.4000000000000001,0.4000000000000001,6.0,0,0,0,0,1.0,0.8854497354497355,0.36904761904761907,6,0.8105636418864982,0.9799498746867167,17.244989,Success
1,ab_ov0_p200_s42,A/B overlap=0 p=200,Masking_lasso,classification,100,200,3,5,2,0,0.05,0.0,True,0.5,42,0.8,0.4,0.5333333333333333,10.666666666666666,4.266666666666667,0.36363636363636365,6,30,12,3,18,0.25,0.4000000000000001,0.4000000000000001,0.4000000000000001,6.0,0,0,0,0,1.0,1.0,0.0,6,0.8204608261722276,0.980952380952381,0.02981,Success
1,ab_ov0_p200_s42,A/B overlap=0 p=200,Masking_logistic,classification,100,200,3,5,2,0,0.05,0.0,True,0.5,42,0.8,0.4,0.5333333333333333,10.666666666666666,4.266666666666667,0.36363636363636365,6,30,12,3,18,0.25,0.4000000000000001,0.4000000000000001,0.4000000000000001,6.0,0,0,0,0,1.0,1.0,0.0,6,0.8204608261722276,0.980952380952381,0.028524,Success
1,ab_ov0_p200_s42,A/B overlap=0 p=200,StabilitySelection,classification,100,200,3,5,2,0,0.05,0.0,True,0.5,42,0.3333333333333333,1.0,0.5,4.444444444444445,4.444444444444445,0.3333333333333333,1,5,5,10,0,0.14285714285714285,0.19999999999999998,0.19999999999999998,0.19999999999999998,1.3333333333333333,0,0,0,0,1.0,0.0,,1,0.9904761904761905,0.9904761904761905,0.18204,Success
1,ab_ov0_p200_s42,A/B overlap=0 p=200,ALFESE_mi_tau1.0,classification,100,200,3,5,2,0,0.05,0.0,True,0.5,42,0.6666666666666666,0.3333333333333333,0.4444444444444444,8.88888888888889,2.962962962962963,0.2857142857142857,6,30,10,5,20,0.20370370370370372,0.3333333333333333,0.3333333333333333,0.3333333333333334,6.666666666666667,0,0,0,0,1.0,1.0,0.0,6,0.8012801016206588,0.9609523809523809,0.700855,Success
1,ab_ov0_p200_s42,A/B overlap=0 p=200,ALFESE_importance_tau1.0,classification,100,200,3,5,2,0,0.05,0.0,True,0.5,42,0.2,0.1,0.13333333333333333,2.6666666666666665,0.26666666666666666,0.07142857142857142,6,30,3,12,27,0.12037037037037036,0.20000000000000004,0.20000000000000004,0.20000000000000004,8.0,0,0,0,0,1.0,1.0,0.0,6,0.5952333002868068,0.9267734553775743,0.289769,Success
1,ab_ov0_p200_s7,A/B overlap=0 p=200,GEMSS_logistic,classification,100,200,3,5,2,0,0.05,0.0,True,0.5,7,0.4,1.0,0.5714285714285715,5.333333333333333,5.333333333333333,0.4,6,6,6,9,0,0.25,0.4000000000000001,0.4000000000000001,0.4000000000000001,6.0,0,0,0,0,1.0,0.11111111111111113,0.7777777777777777,6,0.9704761904761906,0.9704761904761906,17.312003,Success
1,ab_ov0_p200_s7,A/B overlap=0 p=200,GEMSS_kernel,classification,100,200,3,5,2,0,0.05,0.0,True,0.5,7,0.8,0.6,0.6857142857142857,10.666666666666666,6.3999999999999995,0.5217391304347826,6,20,12,3,8,0.30952380952380953,0.4666666666666666,0.4666666666666666,0.46666666666666673,5.333333333333333,0,0,0,0,1.0,0.8962962962962965,0.12037037037037036,6,0.952010659058714,0.9704761904761906,18.768391,Success
1,ab_ov0_p200_s7,A/B overlap=0 p=200,GEMSS_scalefixed,classification,100,200,3,5,2,0,0.05,0.0,True,0.5,7,0.4,1.0,0.5714285714285715,5.333333333333333,5.333333333333333,0.4,6,6,6,9,0,0.25,0.4000000000000001,0.4000000000000001,0.4000000000000001,6.0,0,0,0,0,1.0,0.2444444444444445,0.7777777777777777,6,0.9704761904761906,0.9704761904761906,16.762782,Success
1,ab_ov0_p200_s7,A/B overlap=0 p=200,GEMSS,classification,100,200,3,5,2,0,0.05,0.0,True,0.5,7,0.26666666666666666,0.23529411764705882,0.25,3.5555555555555554,0.8366013071895424,0.14285714285714285,6,17,4,11,13,0.1574074074074074,0.26666666666666666,0.26666666666666666,0.2666666666666667,7.333333333333333,0,0,0,0,1.0,0.7597883597883598,0.36904761904761907,6,0.8899064506185249,0.9704761904761904,17.160058,Success
1,ab_ov0_p200_s7,A/B overlap=0 p=200,Masking_lasso,classification,100,200,3,5,2,0,0.05,0.0,True,0.5,7,0.9333333333333333,0.4666666666666667,0.6222222222222223,12.444444444444445,5.807407407407408,0.45161290322580644,6,30,14,1,16,0.36904761904761907,0.5333333333333333,0.5333333333333333,0.5333333333333333,4.666666666666667,0,0,0,0,1.0,1.0,0.0,6,0.9006685867838108,0.9904761904761905,0.031488,Success
1,ab_ov0_p200_s7,A/B overlap=0 p=200,Masking_logistic,classification,100,200,3,5,2,0,0.05,0.0,True,0.5,7,0.9333333333333333,0.4666666666666667,0.6222222222222223,12.444444444444445,5.807407407407408,0.45161290322580644,6,30,14,1,16,0.36904761904761907,0.5333333333333333,0.5333333333333333,0.5333333333333333,4.666666666666667,0,0,0,0,1.0,1.0,0.0,6,0.9006685867838108,0.9904761904761905,0.03097,Success
1,ab_ov0_p200_s7,A/B overlap=0 p=200,StabilitySelection,classification,100,200,3,5,2,0,0.05,0.0,True,0.5,7,0.26666666666666666,0.8,0.4,3.5555555555555554,2.8444444444444446,0.25,1,5,4,11,1,0.08333333333333333,0.13333333333333333,0.13333333333333333,0.13333333333333336,2.0,0,0,0,0,1.0,0.0,,1,0.9704761904761904,0.9704761904761904,0.195831,Success
1,ab_ov0_p200_s7,A/B overlap=0 p=200,ALFESE_mi_tau1.0,classification,100,200,3,5,2,0,0.05,0.0,True,0.5,7,0.5333333333333333,0.26666666666666666,0.3555555555555555,7.111111111111111,1.8962962962962961,0.21621621621621623,6,30,8,7,22,0.1111111111111111,0.20000000000000004,0.20000000000000004,0.20000000000000004,8.0,0,0,0,0,1.0,1.0,0.0,6,0.8545697888058905,0.9500721500721501,0.706528,Success
1,ab_ov0_p200_s7,A/B overlap=0 p=200,ALFESE_importance_tau1.0,classification,100,200,3,5,2,0,0.05,0.0,True,0.5,7,0.2,0.1,0.13333333333333333,2.6666666666666665,0.26666666666666666,0.07142857142857142,6,30,3,12,27,0.12037037037037036,0.20000000000000004,0.20000000000000004,0.20000000000000004,8.0,0,0,0,0,1.0,1.0,0.0,6,0.6584391432416066,0.9522943722943724,0.294541,Success
1,ab_ov0_p200_s123,A/B overlap=0 p=200,GEMSS_logistic,classification,100,200,3,5,2,0,0.05,0.0,True,0.5,123,0.4666666666666667,1.0,0.6363636363636364,6.222222222222222,6.222222222222222,0.4666666666666667,6,7,7,8,0,0.2632275132275132,0.4000000000000001,0.4000000000000001,0.4000000000000001,6.0,0,0,0,0,1.0,0.3587301587301586,0.5873015873015873,6,0.9760993392572339,0.9818181818181818,18.049871,Success
1,ab_ov0_p200_s123,A/B overlap=0 p=200,GEMSS_kernel,classification,100,200,3,5,2,0,0.05,0.0,True,0.5,123,0.6666666666666666,0.5555555555555556,0.606060606060606,8.88888888888889,4.938271604938272,0.43478260869565216,6,18,10,5,8,0.25,0.4000000000000001,0.4000000000000001,0.4000000000000001,6.0,0,0,0,0,1.0,0.8362433862433865,0.1574074074074074,6,0.9565172153044005,0.9739130434782609,19.967197,Success
1,ab_ov0_p200_s123,A/B overlap=0 p=200,GEMSS_scalefixed,classification,100,200,3,5,2,0,0.05,0.0,True,0.5,123,0.5333333333333333,1.0,0.6956521739130436,7.111111111111111,7.111111111111111,0.5333333333333333,6,8,8,7,0,0.4021164021164021,0.5333333333333333,0.5333333333333333,0.5333333333333333,4.666666666666667,0,0,0,0,1.0,0.47222222222222215,0.44841269841269843,6,0.9797524113313586,0.9818181818181818,17.14078,Success
1,ab_ov0_p200_s123,A/B overlap=0 p=200,GEMSS,classification,100,200,3,5,2,0,0.05,0.0,True,0.5,123,0.6666666666666666,0.5263157894736842,0.5882352941176471,8.88888888888889,4.678362573099415,0.4166666666666667,6,19,10,5,9,0.30952380952380953,0.4666666666666666,0.4666666666666666,0.46666666666666673,5.333333333333333,0,0,0,0,1.0,0.888888888888889,0.12037037037037036,6,0.9560492139439507,0.9789473684210526,17.035159,Success
1,ab_ov0_p200_s123,A/B overlap=0 p=200,Masking_lasso,classification,100,200,3,5,2,0,0.05,0.0,True,0.5,123,0.8,0.4,0.5333333333333333,10.666666666666666,4.266666666666667,0.36363636363636365,6,30,12,3,18,0.36904761904761907,0.5333333333333333,0.5333333333333333,0.5333333333333333,4.666666666666667,0,0,0,0,1.0,1.0,0.0,6,0.8522480443533075,0.9704761904761906,0.024538,Success
1,ab_ov0_p200_s123,A/B overlap=0 p=200,Masking_logistic,classification,100,200,3,5,2,0,0.05,0.0,True,0.5,123,0.8,0.4,0.5333333333333333,10.666666666666666,4.266666666666667,0.36363636363636365,6,30,12,3,18,0.36904761904761907,0.5333333333333333,0.5333333333333333,0.5333333333333333,4.666666666666667,0,0,0,0,1.0,1.0,0.0,6,0.8522480443533075,0.9704761904761906,0.023515,Success
1,ab_ov0_p200_s123,A/B overlap=0 p=200,StabilitySelection,classification,100,200,3,5,2,0,0.05,0.0,True,0.5,123,0.3333333333333333,1.0,0.5,4.444444444444445,4.444444444444445,0.3333333333333333,1,5,5,10,0,0.08333333333333333,0.13333333333333333,0.13333333333333333,0.13333333333333336,2.0,0,0,0,0,1.0,0.0,,1,0.9818181818181818,0.9818181818181818,0.183472,Success
1,ab_ov0_p200_s123,A/B overlap=0 p=200,ALFESE_mi_tau1.0,classification,100,200,3,5,2,0,0.05,0.0,True,0.5,123,0.8,0.4,0.5333333333333333,10.666666666666666,4.266666666666667,0.36363636363636365,6,30,12,3,18,0.20370370370370372,0.3333333333333333,0.3333333333333333,0.3333333333333334,6.666666666666667,0,0,0,0,1.0,1.0,0.0,6,0.8547120063845061,0.971291866028708,0.694811,Success
1,ab_ov0_p200_s123,A/B overlap=0 p=200,ALFESE_importance_tau1.0,classification,100,200,3,5,2,0,0.05,0.0,True,0.5,123,0.13333333333333333,0.06666666666666667,0.08888888888888888,1.7777777777777777,0.11851851851851851,0.046511627906976744,6,30,2,13,28,0.037037037037037035,0.06666666666666667,0.06666666666666667,0.06666666666666668,9.333333333333334,0,0,0,0,1.0,1.0,0.0,6,0.6271796066115624,0.9435862383230804,0.23519,Success
2,ab_ov2_p200_s42,A/B overlap=2 p=200,GEMSS_logistic,classification,100,200,3,5,2,2,0.05,0.0,True,0.5,42,0.45454545454545453,1.0,0.625,8.264462809917354,8.264462809917354,0.45454545454545453,6,5,5,6,0,0.32275132275132273,0.4666666666666666,0.4666666666666666,0.4666666666666666,5.333333333333333,0,0,2,0,0.75,0.0,0.75,6,0.9904761904761905,0.9904761904761905,17.117828,Success
2,ab_ov2_p200_s42,A/B overlap=2 p=200,GEMSS_kernel,classification,100,200,3,5,2,2,0.05,0.0,True,0.5,42,0.9090909090909091,0.5263157894736842,0.6666666666666666,16.52892561983471,8.69943453675511,0.5,6,19,10,1,9,0.5079365079365079,0.6666666666666666,0.6666666666666666,0.6666666666666666,3.3333333333333335,0,0,2,1,0.75,0.8843915343915345,0.059523809523809514,6,0.9766165413533834,0.9799498746867169,18.942830999999998,Success
2,ab_ov2_p200_s42,A/B overlap=2 p=200,GEMSS_scalefixed,classification,100,200,3,5,2,2,0.05,0.0,True,0.5,42,0.5454545454545454,1.0,0.7058823529411764,9.917355371900827,9.917355371900827,0.5454545454545454,6,6,6,5,0,0.32275132275132273,0.4666666666666666,0.4666666666666666,0.4666666666666666,5.333333333333333,0,0,2,0,0.75,0.11111111111111113,0.75,6,0.9904761904761905,0.9904761904761905,17.159512,Success
2,ab_ov2_p200_s42,A/B overlap=2 p=200,GEMSS,classification,100,200,3,5,2,2,0.05,0.0,True,0.5,42,0.5454545454545454,0.6,0.5714285714285713,9.917355371900827,5.9504132231404965,0.4,6,10,6,5,4,0.32275132275132273,0.4666666666666666,0.4666666666666666,0.4666666666666666,5.333333333333333,0,0,2,0,0.75,0.43068783068783056,0.5277777777777777,6,0.9798319327731093,0.9904761904761905,17.37225,Success
2,ab_ov2_p200_s42,A/B overlap=2 p=200,Masking_lasso,classification,100,200,3,5,2,2,0.05,0.0,True,0.5,42,0.7272727272727273,0.26666666666666666,0.3902439024390244,13.223140495867769,3.5261707988980717,0.24242424242424243,6,30,8,3,22,0.30952380952380953,0.4666666666666666,0.4666666666666666,0.46666666666666673,5.333333333333333,0,0,2,0,0.75,1.0,0.25,6,0.7561516724203492,0.9894736842105264,0.033286,Success
2,ab_ov2_p200_s42,A/B overlap=2 p=200,Masking_logistic,classification,100,200,3,5,2,2,0.05,0.0,True,0.5,42,0.7272727272727273,0.26666666666666666,0.3902439024390244,13.223140495867769,3.5261707988980717,0.24242424242424243,6,30,8,3,22,0.30952380952380953,0.4666666666666666,0.4666666666666666,0.46666666666666673,5.333333333333333,0,0,2,0,0.75,1.0,0.25,6,0.7561516724203492,0.9894736842105264,0.032543,Success
2,ab_ov2_p200_s42,A/B overlap=2 p=200,StabilitySelection,classification,100,200,3,5,2,2,0.05,0.0,True,0.5,42,0.2727272727272727,0.75,0.39999999999999997,4.958677685950414,3.7190082644628104,0.25,1,4,3,8,1,0.09523809523809523,0.16666666666666666,0.13333333333333333,0.14814814814814817,1.6666666666666667,0,0,2,0,0.75,0.0,,1,0.9799498746867167,0.9799498746867167,0.191689,Success
2,ab_ov2_p200_s42,A/B overlap=2 p=200,ALFESE_mi_tau1.0,classification,100,200,3,5,2,2,0.05,0.0,True,0.5,42,0.5454545454545454,0.2,0.29268292682926833,9.917355371900827,1.9834710743801656,0.17142857142857143,6,30,6,5,24,0.2169312169312169,0.3333333333333333,0.3333333333333333,0.3333333333333333,6.666666666666667,0,0,2,0,0.75,1.0,0.25,6,0.768600255255929,0.9351319475158485,0.697821,Success
2,ab_ov2_p200_s42,A/B overlap=2 p=200,ALFESE_importance_tau1.0,classification,100,200,3,5,2,2,0.05,0.0,True,0.5,42,0.18181818181818182,0.06666666666666667,0.0975609756097561,3.3057851239669422,0.22038567493112948,0.05128205128205128,6,30,2,9,28,0.07407407407407407,0.13333333333333333,0.13333333333333333,0.13333333333333336,8.666666666666666,0,0,2,0,0.75,1.0,0.25,6,0.6125291131870079,0.9176274018379281,0.232671,Success
2,ab_ov2_p200_s7,A/B overlap=2 p=200,GEMSS_logistic,classification,100,200,3,5,2,2,0.05,0.0,True,0.5,7,0.5454545454545454,1.0,0.7058823529411764,9.917355371900827,9.917355371900827,0.5454545454545454,6,6,6,5,0,0.4484126984126984,0.6000000000000001,0.6000000000000001,0.6000000000000001,4.0,0,0,2,3,0.75,0.20000000000000007,0.75,6,0.9617680565048986,0.9617680565048985,17.370599,Success
2,ab_ov2_p200_s7,A/B overlap=2 p=200,GEMSS_kernel,classification,100,200,3,5,2,2,0.05,0.0,True,0.5,7,1.0,0.5789473684210527,0.7333333333333334,18.181818181818183,10.526315789473685,0.5789473684210527,6,19,11,0,8,0.30952380952380953,0.4666666666666666,0.4666666666666666,0.46666666666666673,5.333333333333333,0,0,2,0,0.75,0.8899470899470899,0.16666666666666666,6,0.9519986725707549,0.961904761904762,18.953084,Success
2,ab_ov2_p200_s7,A/B overlap=2 p=200,GEMSS_scalefixed,classification,100,200,3,5,2,2,0.05,0.0,True,0.5,7,0.5454545454545454,1.0,0.7058823529411764,9.917355371900827,9.917355371900827,0.5454545454545454,6,6,6,5,0,0.4484126984126984,0.6000000000000001,0.6000000000000001,0.6000000000000001,4.0,0,0,2,2,0.75,0.2444444444444445,0.5277777777777778,6,0.9614650262018682,0.9617680565048985,16.977617,Success
2,ab_ov2_p200_s7,A/B overlap=2 p=200,GEMSS,classification,100,200,3,5,2,2,0.05,0.0,True,0.5,7,0.5454545454545454,0.375,0.4444444444444444,9.917355371900827,3.7190082644628104,0.2857142857142857,6,16,6,5,10,0.30952380952380953,0.4666666666666666,0.4666666666666666,0.46666666666666673,5.333333333333333,0,0,2,0,0.75,0.6970899470899471,0.11904761904761903,6,0.9362331718624625,0.9704260651629072,17.144373,Success
2,ab_ov2_p200_s7,A/B overlap=2 p=200,Masking_lasso,classification,100,200,3,5,2,2,0.05,0.0,True,0.5,7,1.0,0.36666666666666664,0.5365853658536585,18.181818181818183,6.666666666666667,0.36666666666666664,6,30,11,0,19,0.25,0.4000000000000001,0.4000000000000001,0.4000000000000001,6.0,0,0,2,0,0.75,1.0,0.25,6,0.890920648128886,0.9694235588972431,0.029728,Success
2,ab_ov2_p200_s7,A/B overlap=2 p=200,Masking_logistic,classification,100,200,3,5,2,2,0.05,0.0,True,0.5,7,1.0,0.36666666666666664,0.5365853658536585,18.181818181818183,6.666666666666667,0.36666666666666664,6,30,11,0,19,0.25,0.4000000000000001,0.4000000000000001,0.4000000000000001,6.0,0,0,2,0,0.75,1.0,0.25,6,0.890920648128886,0.9694235588972431,0.029098,Success
2,ab_ov2_p200_s7,A/B overlap=2 p=200,StabilitySelection,classification,100,200,3,5,2,2,0.05,0.0,True,0.5,7,0.2727272727272727,0.75,0.39999999999999997,4.958677685950414,3.7190082644628104,0.25,1,4,3,8,1,0.09523809523809523,0.16666666666666666,0.13333333333333333,0.14814814814814817,1.6666666666666667,0,0,2,0,0.75,0.0,,1,0.9599498746867168,0.9599498746867168,0.19787,Success
2,ab_ov2_p200_s7,A/B overlap=2 p=200,ALFESE_mi_tau1.0,classification,100,200,3,5,2,2,0.05,0.0,True,0.5,7,0.5454545454545454,0.2,0.29268292682926833,9.917355371900827,1.9834710743801656,0.17142857142857143,6,30,6,5,24,0.1574074074074074,0.26666666666666666,0.26666666666666666,0.2666666666666667,7.333333333333333,0,0,2,0,0.75,1.0,0.25,6,0.7371265835414443,0.9245386192754614,0.689225,Success
2,ab_ov2_p200_s7,A/B overlap=2 p=200,ALFESE_importance_tau1.0,classification,100,200,3,5,2,2,0.05,0.0,True,0.5,7,0.36363636363636365,0.13333333333333333,0.1951219512195122,6.6115702479338845,0.8815426997245179,0.10810810810810811,6,30,4,7,26,0.1574074074074074,0.26666666666666666,0.26666666666666666,0.2666666666666667,7.333333333333333,0,0,2,1,0.75,1.0,0.25,6,0.6358068690805264,0.9462074157726331,0.313822,Success
2,ab_ov2_p200_s123,A/B overlap=2 p=200,GEMSS_logistic,classification,100,200,3,5,2,2,0.05,0.0,True,0.5,123,0.6363636363636364,0.875,0.7368421052631579,11.570247933884298,10.12396694214876,0.5833333333333334,6,8,7,4,1,0.44841269841269843,0.6,0.6,0.6000000000000001,4.0,0,0,2,3,0.75,0.2666666666666667,0.5277777777777777,6,0.9797751955646693,0.9818181818181818,17.296905,Success
2,ab_ov2_p200_s123,A/B overlap=2 p=200,GEMSS_kernel,classification,100,200,3,5,2,2,0.05,0.0,True,0.5,123,0.9090909090909091,0.5,0.6451612903225806,16.52892561983471,8.264462809917354,0.47619047619047616,6,20,10,1,10,0.42857142857142855,0.6,0.6,0.6,4.0,0,0,2,2,0.75,0.8724867724867724,0.10582010582010581,6,0.949587264163923,0.971291866028708,18.98767,Success
2,ab_ov2_p200_s123,A/B overlap=2 p=200,GEMSS_scalefixed,classification,100,200,3,5,2,2,0.05,0.0,True,0.5,123,0.5454545454545454,1.0,0.7058823529411764,9.917355371900827,9.917355371900827,0.5454545454545454,6,6,6,5,0,0.44841269841269843,0.6,0.6,0.6000000000000001,4.0,0,0,2,5,0.75,0.11111111111111113,0.75,6,0.9799194957089693,0.9818181818181818,16.969931,Success
2,ab_ov2_p200_s123,A/B overlap=2 p=200,GEMSS,classification,100,200,3,5,2,2,0.05,0.0,True,0.5,123,0.6363636363636364,0.5384615384615384,0.5833333333333334,11.570247933884298,6.230133502860776,0.4117647058823529,6,13,7,4,6,0.5277777777777778,0.6666666666666666,0.6666666666666666,0.6666666666666669,3.3333333333333335,0,0,2,2,0.75,0.603174603174603,0.17857142857142852,6,0.9661997549869402,0.9818181818181818,17.100509,Success
2,ab_ov2_p200_s123,A/B overlap=2 p=200,Masking_lasso,classification,100,200,3,5,2,2,0.05,0.0,True,0.5,123,0.8181818181818182,0.3,0.43902439024390244,14.87603305785124,4.462809917355372,0.28125,6,30,9,2,21,0.25,0.4000000000000001,0.4000000000000001,0.4000000000000001,6.0,0,0,2,0,0.75,1.0,0.25,6,0.8499902132038355,0.9704761904761906,0.031368,Success
2,ab_ov2_p200_s123,A/B overlap=2 p=200,Masking_logistic,classification,100,200,3,5,2,2,0.05,0.0,True,0.5,123,0.8181818181818182,0.3,0.43902439024390244,14.87603305785124,4.462809917355372,0.28125,6,30,9,2,21,0.25,0.4000000000000001,0.4000000000000001,0.4000000000000001,6.0,0,0,2,0,0.75,1.0,0.25,6,0.8499902132038355,0.9704761904761906,0.030359,Success
2,ab_ov2_p200_s123,A/B overlap=2 p=200,StabilitySelection,classification,100,200,3,5,2,2,0.05,0.0,True,0.5,123,0.2727272727272727,0.6,0.37499999999999994,4.958677685950414,2.9752066115702482,0.23076923076923078,1,5,3,8,2,0.08333333333333333,0.13333333333333333,0.13333333333333333,0.13333333333333336,2.0,0,0,2,0,0.75,0.0,,1,0.9704260651629072,0.9704260651629072,0.194081,Success
2,ab_ov2_p200_s123,A/B overlap=2 p=200,ALFESE_mi_tau1.0,classification,100,200,3,5,2,2,0.05,0.0,True,0.5,123,0.7272727272727273,0.26666666666666666,0.3902439024390244,13.223140495867769,3.5261707988980717,0.24242424242424243,6,30,8,3,22,0.25,0.4000000000000001,0.4000000000000001,0.4000000000000001,6.0,0,0,2,0,0.75,1.0,0.25,6,0.7890227014227552,0.971291866028708,0.712303,Success
2,ab_ov2_p200_s123,A/B overlap=2 p=200,ALFESE_importance_tau1.0,classification,100,200,3,5,2,2,0.05,0.0,True,0.5,123,0.2727272727272727,0.1,0.14634146341463417,4.958677685950414,0.4958677685950414,0.07894736842105263,6,30,3,8,27,0.1111111111111111,0.20000000000000004,0.20000000000000004,0.20000000000000004,8.0,0,0,2,0,0.75,1.0,0.25,6,0.6024089912968632,0.9617680565048985,0.307,Success
3,ab_ov4_p200_s42,A/B overlap=4 p=200,GEMSS_logistic,classification,100,200,3,5,2,4,0.05,0.0,True,0.5,42,0.7142857142857143,0.5555555555555556,0.6250000000000001,20.408163265306122,11.337868480725623,0.45454545454545453,6,9,5,2,4,0.6190476190476191,0.7333333333333334,0.7333333333333334,0.7333333333333334,2.6666666666666665,1,1,4,1,0.3333333333333333,0.4063492063492063,0.07936507936507936,6,0.9773980405559352,0.9818181818181818,17.399089,Success
3,ab_ov4_p200_s42,A/B overlap=4 p=200,GEMSS_kernel,classification,100,200,3,5,2,4,0.05,0.0,True,0.5,42,1.0,0.4666666666666667,0.6363636363636364,28.571428571428573,13.333333333333334,0.4666666666666667,6,15,7,0,8,0.6666666666666666,0.8000000000000002,0.8000000000000002,0.8000000000000002,2.0,0,0,4,1,0.3333333333333333,0.782010582010582,0.23809523809523805,6,0.9777322093111566,0.9904761904761905,19.083281,Success
3,ab_ov4_p200_s42,A/B overlap=4 p=200,GEMSS_scalefixed,classification,100,200,3,5,2,4,0.05,0.0,True,0.5,42,0.7142857142857143,0.5,0.588235294117647,20.408163265306122,10.204081632653061,0.4166666666666667,6,10,5,2,5,0.6984126984126983,0.7999999999999999,0.7999999999999999,0.8000000000000002,2.0,1,1,4,2,0.3333333333333333,0.4777777777777777,0.11111111111111112,6,0.9730437204121413,0.980952380952381,17.520677,Success
3,ab_ov4_p200_s42,A/B overlap=4 p=200,GEMSS,classification,100,200,3,5,2,4,0.05,0.0,True,0.5,42,0.5714285714285714,0.2857142857142857,0.38095238095238093,16.3265306122449,4.664723032069971,0.23529411764705882,6,14,4,3,10,0.4484126984126984,0.6000000000000001,0.6000000000000001,0.6000000000000001,4.0,0,0,4,0,0.3333333333333333,0.5555555555555555,0.15873015873015872,6,0.9786461102250575,0.9904761904761905,17.621871,Success
3,ab_ov4_p200_s42,A/B overlap=4 p=200,Masking_lasso,classification,100,200,3,5,2,4,0.05,0.0,True,0.5,42,1.0,0.23333333333333334,0.37837837837837834,28.571428571428573,6.666666666666667,0.23333333333333334,6,30,7,0,23,0.26322751322751325,0.39999999999999997,0.39999999999999997,0.39999999999999997,6.0,0,0,4,0,0.3333333333333333,1.0,0.6666666666666666,6,0.7473724719067296,0.9894736842105264,0.033106,Success
3,ab_ov4_p200_s42,A/B overlap=4 p=200,Masking_logistic,classification,100,200,3,5,2,4,0.05,0.0,True,0.5,42,1.0,0.23333333333333334,0.37837837837837834,28.571428571428573,6.666666666666667,0.23333333333333334,6,30,7,0,23,0.26322751322751325,0.39999999999999997,0.39999999999999997,0.39999999999999997,6.0,0,0,4,0,0.3333333333333333,1.0,0.6666666666666666,6,0.7473724719067296,0.9894736842105264,0.030318,Success
3,ab_ov4_p200_s42,A/B overlap=4 p=200,StabilitySelection,classification,100,200,3,5,2,4,0.05,0.0,True,0.5,42,0.42857142857142855,0.75,0.5454545454545454,12.244897959183673,9.183673469387754,0.375,1,4,3,4,1,0.16666666666666666,0.25,0.19999999999999998,0.22222222222222218,1.0,0,0,4,0,0.3333333333333333,0.0,,1,0.9799498746867167,0.9799498746867167,0.181286,Success
3,ab_ov4_p200_s42,A/B overlap=4 p=200,ALFESE_mi_tau1.0,classification,100,200,3,5,2,4,0.05,0.0,True,0.5,42,0.7142857142857143,0.16666666666666666,0.2702702702702703,20.408163265306122,3.401360544217687,0.15625,6,30,5,2,25,0.1574074074074074,0.26666666666666666,0.26666666666666666,0.2666666666666667,7.333333333333333,0,0,4,0,0.3333333333333333,1.0,0.6666666666666666,6,0.7018189749607168,0.9587301587301587,0.704236,Success
3,ab_ov4_p200_s42,A/B overlap=4 p=200,ALFESE_importance_tau1.0,classification,100,200,3,5,2,4,0.05,0.0,True,0.5,42,0.2857142857142857,0.06666666666666667,0.10810810810810811,8.16326530612245,0.54421768707483,0.05714285714285714,6,30,2,5,28,0.07407407407407407,0.13333333333333333,0.13333333333333333,0.13333333333333336,8.666666666666666,0,0,4,0,0.3333333333333333,1.0,0.6666666666666666,6,0.5965818928731838,0.967251461988304,0.20858,Success
3,ab_ov4_p200_s7,A/B overlap=4 p=200,GEMSS_logistic,classification,100,200,3,5,2,4,0.05,0.0,True,0.5,7,0.7142857142857143,0.625,0.6666666666666666,20.408163265306122,12.755102040816325,0.5,6,8,5,2,3,0.7777777777777777,0.8666666666666667,0.8666666666666667,0.8666666666666668,1.3333333333333333,1,1,4,6,0.3333333333333333,0.2888888888888889,0.11111111111111112,6,0.9530232035952859,0.9636363636363636,17.787065,Success
3,ab_ov4_p200_s7,A/B overlap=4 p=200,GEMSS_kernel,classification,100,200,3,5,2,4,0.05,0.0,True,0.5,7,1.0,0.4117647058823529,0.5833333333333334,28.571428571428573,11.764705882352942,0.4117647058823529,6,17,7,0,10,0.6190476190476191,0.7333333333333334,0.7333333333333334,0.7333333333333334,2.6666666666666665,1,1,4,1,0.3333333333333333,0.8306878306878307,0.35714285714285715,6,0.9401902286005126,0.9541125541125541,19.186267,Success
3,ab_ov4_p200_s7,A/B overlap=4 p=200,GEMSS_scalefixed,classification,100,200,3,5,2,4,0.05,0.0,True,0.5,7,0.5714285714285714,0.4444444444444444,0.5,16.3265306122449,7.256235827664399,0.3333333333333333,6,9,4,3,5,0.6666666666666666,0.8000000000000002,0.8000000000000002,0.8000000000000002,2.0,0,0,4,6,0.3333333333333333,0.3111111111111111,0.0,6,0.9530043818373338,0.9643892339544514,17.035624,Success
3,ab_ov4_p200_s7,A/B overlap=4 p=200,GEMSS,classification,100,200,3,5,2,4,0.05,0.0,True,0.5,7,0.7142857142857143,0.38461538461538464,0.5,20.408163265306122,7.849293563579278,0.3333333333333333,6,13,5,2,8,0.7777777777777777,0.8666666666666667,0.8666666666666667,0.8666666666666668,1.3333333333333333,1,1,4,3,0.3333333333333333,0.5595238095238095,0.0,6,0.9496482642706897,0.9722943722943723,17.44638,Success
3,ab_ov4_p200_s7,A/B overlap=4 p=200,Masking_lasso,classification,100,200,3,5,2,4,0.05,0.0,True,0.5,7,0.7142857142857143,0.16666666666666666,0.2702702702702703,20.408163265306122,3.401360544217687,0.15625,6,30,5,2,25,0.2261904761904762,0.3333333333333333,0.3333333333333333,0.3333333333333333,6.666666666666667,0,0,4,0,0.3333333333333333,1.0,0.6666666666666666,6,0.7017588795220374,0.9682539682539684,0.031217,Success
3,ab_ov4_p200_s7,A/B overlap=4 p=200,Masking_logistic,classification,100,200,3,5,2,4,0.05,0.0,True,0.5,7,0.7142857142857143,0.16666666666666666,0.2702702702702703,20.408163265306122,3.401360544217687,0.15625,6,30,5,2,25,0.2261904761904762,0.3333333333333333,0.3333333333333333,0.3333333333333333,6.666666666666667,0,0,4,0,0.3333333333333333,1.0,0.6666666666666666,6,0.7017588795220374,0.9682539682539684,0.024514,Success
3,ab_ov4_p200_s7,A/B overlap=4 p=200,StabilitySelection,classification,100,200,3,5,2,4,0.05,0.0,True,0.5,7,0.42857142857142855,1.0,0.6,12.244897959183673,12.244897959183673,0.42857142857142855,1,3,3,4,0,0.19999999999999998,0.3333333333333333,0.19999999999999998,0.24999999999999997,0.6666666666666666,0,0,4,0,0.3333333333333333,0.0,,1,0.9557312252964426,0.9557312252964426,0.176723,Success
3,ab_ov4_p200_s7,A/B overlap=4 p=200,ALFESE_mi_tau1.0,classification,100,200,3,5,2,4,0.05,0.0,True,0.5,7,0.5714285714285714,0.13333333333333333,0.21621621621621623,16.3265306122449,2.17687074829932,0.12121212121212122,6,30,4,3,26,0.1111111111111111,0.20000000000000004,0.20000000000000004,0.20000000000000004,8.0,0,0,4,0,0.3333333333333333,1.0,0.6666666666666666,6,0.7605494723141781,0.9333333333333332,0.719079,Success
3,ab_ov4_p200_s7,A/B overlap=4 p=200,ALFESE_importance_tau1.0,classification,100,200,3,5,2,4,0.05,0.0,True,0.5,7,0.42857142857142855,0.1,0.16216216216216217,12.244897959183673,1.2244897959183674,0.08823529411764706,6,30,3,4,27,0.1111111111111111,0.20000000000000004,0.20000000000000004,0.20000000000000004,8.0,0,0,4,0,0.3333333333333333,1.0,0.6666666666666666,6,0.62166043091033,0.9223340961098397,0.287163,Success
3,ab_ov4_p200_s123,A/B overlap=4 p=200,GEMSS_logistic,classification,100,200,3,5,2,4,0.05,0.0,True,0.5,123,0.7142857142857143,0.7142857142857143,0.7142857142857143,20.408163265306122,14.577259475218659,0.5555555555555556,6,7,5,2,2,0.5873015873015873,0.7333333333333334,0.7333333333333334,0.7333333333333334,2.6666666666666665,0,0,4,0,0.3333333333333333,0.20000000000000004,0.3333333333333333,6,0.9691982481456165,0.971291866028708,17.354306,Success
3,ab_ov4_p200_s123,A/B overlap=4 p=200,GEMSS_kernel,classification,100,200,3,5,2,4,0.05,0.0,True,0.5,123,0.8571428571428571,0.2727272727272727,0.41379310344827586,24.489795918367346,6.679035250463821,0.2608695652173913,6,22,6,1,16,0.2632275132275132,0.4000000000000001,0.4000000000000001,0.4000000000000001,6.0,0,0,4,0,0.3333333333333333,0.9407407407407409,0.5925925925925927,6,0.9468118913885505,0.980952380952381,18.918476,Success
3,ab_ov4_p200_s123,A/B overlap=4 p=200,GEMSS_scalefixed,classification,100,200,3,5,2,4,0.05,0.0,True,0.5,123,0.7142857142857143,0.625,0.6666666666666666,20.408163265306122,12.755102040816325,0.5,6,8,5,2,3,0.5873015873015873,0.7333333333333334,0.7333333333333334,0.7333333333333334,2.6666666666666665,0,0,4,0,0.3333333333333333,0.2666666666666667,0.3333333333333333,6,0.9802308802308802,0.9818181818181818,17.306762,Success
3,ab_ov4_p200_s123,A/B overlap=4 p=200,GEMSS,classification,100,200,3,5,2,4,0.05,0.0,True,0.5,123,0.7142857142857143,0.3333333333333333,0.4545454545454545,20.408163265306122,6.802721088435374,0.29411764705882354,6,15,5,2,10,0.4484126984126984,0.6000000000000001,0.6000000000000001,0.6000000000000001,4.0,0,0,4,0,0.3333333333333333,0.6613756613756615,0.07936507936507936,6,0.9640024303182196,0.9818181818181818,17.331163,Success
3,ab_ov4_p200_s123,A/B overlap=4 p=200,Masking_lasso,classification,100,200,3,5,2,4,0.05,0.0,True,0.5,123,1.0,0.23333333333333334,0.37837837837837834,28.571428571428573,6.666666666666667,0.23333333333333334,6,30,7,0,23,0.26322751322751325,0.39999999999999997,0.39999999999999997,0.39999999999999997,6.0,0,0,4,0,0.3333333333333333,1.0,0.6666666666666666,6,0.7794101712987161,0.9799498746867167,0.03006,Success
3,ab_ov4_p200_s123,A/B overlap=4 p=200,Masking_logistic,classification,100,200,3,5,2,4,0.05,0.0,True,0.5,123,1.0,0.23333333333333334,0.37837837837837834,28.571428571428573,6.666666666666667,0.23333333333333334,6,30,7,0,23,0.26322751322751325,0.39999999999999997,0.39999999999999997,0.39999999999999997,6.0,0,0,4,0,0.3333333333333333,1.0,0.6666666666666666,6,0.7794101712987161,0.9799498746867167,0.02327,Success
3,ab_ov4_p200_s123,A/B overlap=4 p=200,StabilitySelection,classification,100,200,3,5,2,4,0.05,0.0,True,0.5,123,0.5714285714285714,0.8,0.6666666666666666,16.3265306122449,13.061224489795919,0.5,1,5,4,3,1,0.14285714285714285,0.19999999999999998,0.19999999999999998,0.19999999999999998,1.3333333333333333,0,0,4,0,0.3333333333333333,0.0,,1,0.9704260651629072,0.9704260651629072,0.17423,Success
3,ab_ov4_p200_s123,A/B overlap=4 p=200,ALFESE_mi_tau1.0,classification,100,200,3,5,2,4,0.05,0.0,True,0.5,123,1.0,0.23333333333333334,0.37837837837837834,28.571428571428573,6.666666666666667,0.23333333333333334,6,30,7,0,23,0.2632275132275132,0.4000000000000001,0.4000000000000001,0.4000000000000001,6.0,0,0,4,0,0.3333333333333333,1.0,0.6666666666666666,6,0.7639495435739883,0.9609022556390977,0.69071,Success
3,ab_ov4_p200_s123,A/B overlap=4 p=200,ALFESE_importance_tau1.0,classification,100,200,3,5,2,4,0.05,0.0,True,0.5,123,0.2857142857142857,0.06666666666666667,0.10810810810810811,8.16326530612245,0.54421768707483,0.05714285714285714,6,30,2,5,28,0.07407407407407407,0.13333333333333333,0.13333333333333333,0.13333333333333336,8.666666666666666,0,0,4,0,0.3333333333333333,1.0,0.6666666666666666,6,0.6427200982537501,0.9548654244306419,0.222324,Success
4,ab_ov0_p500_s42,A/B overlap=0 p=500,GEMSS_logistic,classification,100,500,3,5,2,0,0.05,0.0,True,0.5,42,0.4,1.0,0.5714285714285715,13.333333333333334,13.333333333333334,0.4,6,6,6,9,0,0.2632275132275132,0.4000000000000001,0.4000000000000001,0.4000000000000001,6.0,0,0,0,0,1.0,0.2666666666666667,0.7777777777777777,6,0.9839598997493734,0.9904761904761905,20.89461,Success
4,ab_ov0_p500_s42,A/B overlap=0 p=500,GEMSS_kernel,classification,100,500,3,5,2,0,0.05,0.0,True,0.5,42,0.6,0.6923076923076923,0.6428571428571429,20.0,13.846153846153847,0.47368421052631576,6,13,9,6,4,0.25,0.4000000000000001,0.4000000000000001,0.4000000000000001,6.0,0,0,0,0,1.0,0.7023809523809524,0.5079365079365079,6,0.969189640768588,0.980952380952381,21.284499,Success
4,ab_ov0_p500_s42,A/B overlap=0 p=500,GEMSS_scalefixed,classification,100,500,3,5,2,0,0.05,0.0,True,0.5,42,0.6,1.0,0.7499999999999999,20.0,20.0,0.6,6,9,9,6,0,0.36904761904761907,0.5333333333333333,0.5333333333333333,0.5333333333333333,4.666666666666667,0,0,0,0,1.0,0.46587301587301577,0.5079365079365079,6,0.9822055137844612,0.9904761904761905,19.313399,Success
4,ab_ov0_p500_s42,A/B overlap=0 p=500,GEMSS,classification,100,500,3,5,2,0,0.05,0.0,True,0.5,42,0.4,0.25,0.3076923076923077,13.333333333333334,3.3333333333333335,0.18181818181818182,6,24,6,9,18,0.16666666666666666,0.26666666666666666,0.26666666666666666,0.2666666666666667,7.333333333333333,0,0,0,0,1.0,0.937037037037037,0.20370370370370372,6,0.888259610896574,0.980952380952381,20.920416,Success
4,ab_ov0_p500_s42,A/B overlap=0 p=500,Masking_lasso,classification,100,500,3,5,2,0,0.05,0.0,True,0.5,42,0.8666666666666667,0.43333333333333335,0.5777777777777778,28.88888888888889,12.518518518518519,0.40625,6,30,13,2,17,0.30952380952380953,0.4666666666666666,0.4666666666666666,0.46666666666666673,5.333333333333333,0,0,0,0,1.0,1.0,0.0,6,0.8403598060355363,0.9904761904761905,0.031765,Success
4,ab_ov0_p500_s42,A/B overlap=0 p=500,Masking_logistic,classification,100,500,3,5,2,0,0.05,0.0,True,0.5,42,0.8666666666666667,0.43333333333333335,0.5777777777777778,28.88888888888889,12.518518518518519,0.40625,6,30,13,2,17,0.30952380952380953,0.4666666666666666,0.4666666666666666,0.46666666666666673,5.333333333333333,0,0,0,0,1.0,1.0,0.0,6,0.8403598060355363,0.9904761904761905,0.031399,Success
4,ab_ov0_p500_s42,A/B overlap=0 p=500,StabilitySelection,classification,100,500,3,5,2,0,0.05,0.0,True,0.5,42,0.2,0.75,0.31578947368421056,6.666666666666667,5.0,0.1875,1,4,3,12,1,0.09523809523809523,0.16666666666666666,0.13333333333333333,0.14814814814814817,1.6666666666666667,0,0,0,0,1.0,0.0,,1,0.9904761904761905,0.9904761904761905,0.251117,Success
4,ab_ov0_p500_s42,A/B overlap=0 p=500,ALFESE_mi_tau1.0,classification,100,500,3,5,2,0,0.05,0.0,True,0.5,42,0.6666666666666666,0.3333333333333333,0.4444444444444444,22.22222222222222,7.4074074074074066,0.2857142857142857,6,30,10,5,20,0.1574074074074074,0.26666666666666666,0.26666666666666666,0.2666666666666667,7.333333333333333,0,0,0,0,1.0,1.0,0.0,6,0.8014785400557375,0.980952380952381,1.7292079999999999,Success
4,ab_ov0_p500_s42,A/B overlap=0 p=500,ALFESE_importance_tau1.0,classification,100,500,3,5,2,0,0.05,0.0,True,0.5,42,0.2,0.1,0.13333333333333333,6.666666666666667,0.6666666666666667,0.07142857142857142,6,30,3,12,27,0.037037037037037035,0.06666666666666667,0.06666666666666667,0.06666666666666668,9.333333333333334,0,0,0,0,1.0,1.0,0.0,6,0.675295949320717,1.0,0.591332,Success
4,ab_ov0_p500_s7,A/B overlap=0 p=500,GEMSS_logistic,classification,100,500,3,5,2,0,0.05,0.0,True,0.5,7,0.4666666666666667,1.0,0.6363636363636364,15.555555555555555,15.555555555555555,0.4666666666666667,6,7,7,8,0,0.30952380952380953,0.4666666666666666,0.4666666666666666,0.46666666666666673,5.333333333333333,0,0,0,0,1.0,0.4063492063492063,0.5079365079365079,6,0.9548807129813994,0.9704260651629072,20.604476,Success
4,ab_ov0_p500_s7,A/B overlap=0 p=500,GEMSS_kernel,classification,100,500,3,5,2,0,0.05,0.0,True,0.5,7,0.5333333333333333,0.6666666666666666,0.5925925925925926,17.77777777777778,11.851851851851851,0.42105263157894735,6,12,8,7,4,0.30952380952380953,0.4666666666666666,0.4666666666666666,0.46666666666666673,5.333333333333333,0,0,0,0,1.0,0.6608465608465609,0.5079365079365079,6,0.9476150741368133,0.9557312252964426,21.501704,Success
4,ab_ov0_p500_s7,A/B overlap=0 p=500,GEMSS_scalefixed,classification,100,500,3,5,2,0,0.05,0.0,True,0.5,7,0.5333333333333333,1.0,0.6956521739130436,17.77777777777778,17.77777777777778,0.5333333333333333,6,8,8,7,0,0.25,0.4000000000000001,0.4000000000000001,0.4000000000000001,6.0,0,0,0,0,1.0,0.5253968253968253,0.4484126984126984,6,0.9617887274180178,0.9704260651629072,19.18975,Success
4,ab_ov0_p500_s7,A/B overlap=0 p=500,GEMSS,classification,100,500,3,5,2,0,0.05,0.0,True,0.5,7,0.5333333333333333,0.3333333333333333,0.4102564102564102,17.77777777777778,5.925925925925926,0.25806451612903225,6,24,8,7,16,0.2169312169312169,0.3333333333333333,0.3333333333333333,0.3333333333333333,6.666666666666667,0,0,0,0,1.0,0.9425925925925926,0.12037037037037036,6,0.802279421719454,0.9714285714285713,20.983134,Success
4,ab_ov0_p500_s7,A/B overlap=0 p=500,Masking_lasso,classification,100,500,3,5,2,0,0.05,0.0,True,0.5,7,0.8,0.4,0.5333333333333333,26.666666666666668,10.666666666666668,0.36363636363636365,6,30,12,3,18,0.20370370370370372,0.3333333333333333,0.3333333333333333,0.3333333333333334,6.666666666666667,0,0,0,0,1.0,1.0,0.0,6,0.8476001724453739,0.9904761904761905,0.033645,Success
4,ab_ov0_p500_s7,A/B overlap=0 p=500,Masking_logistic,classification,100,500,3,5,2,0,0.05,0.0,True,0.5,7,0.8,0.4,0.5333333333333333,26.666666666666668,10.666666666666668,0.36363636363636365,6,30,12,3,18,0.20370370370370372,0.3333333333333333,0.3333333333333333,0.3333333333333334,6.666666666666667,0,0,0,0,1.0,1.0,0.0,6,0.8476001724453739,0.9904761904761905,0.032104,Success
4,ab_ov0_p500_s7,A/B overlap=0 p=500,StabilitySelection,classification,100,500,3,5,2,0,0.05,0.0,True,0.5,7,0.3333333333333333,1.0,0.5,11.11111111111111,11.11111111111111,0.3333333333333333,1,5,5,10,0,0.08333333333333333,0.13333333333333333,0.13333333333333333,0.13333333333333336,2.0,0,0,0,0,1.0,0.0,,1,0.9704260651629072,0.9704260651629072,0.244368,Success
4,ab_ov0_p500_s7,A/B overlap=0 p=500,ALFESE_mi_tau1.0,classification,100,500,3,5,2,0,0.05,0.0,True,0.5,7,0.6,0.3,0.4,20.0,6.0,0.25,6,30,9,6,21,0.2169312169312169,0.3333333333333333,0.3333333333333333,0.3333333333333333,6.666666666666667,0,0,0,0,1.0,1.0,0.0,6,0.7588605775851706,0.9643892339544514,1.716661,Success
4,ab_ov0_p500_s7,A/B overlap=0 p=500,ALFESE_importance_tau1.0,classification,100,500,3,5,2,0,0.05,0.0,True,0.5,7,0.13333333333333333,0.06666666666666667,0.08888888888888888,4.444444444444445,0.2962962962962963,0.046511627906976744,6,30,2,13,28,0.037037037037037035,0.06666666666666667,0.06666666666666667,0.06666666666666668,9.333333333333334,0,0,0,0,1.0,1.0,0.0,6,0.6190428071004191,0.9186602870813397,0.682143,Success
4,ab_ov0_p500_s123,A/B overlap=0 p=500,GEMSS_logistic,classification,100,500,3,5,2,0,0.05,0.0,True,0.5,123,0.4666666666666667,1.0,0.6363636363636364,15.555555555555555,15.555555555555555,0.4666666666666667,6,7,7,8,0,0.30952380952380953,0.4666666666666666,0.4666666666666666,0.46666666666666673,5.333333333333333,0,0,0,0,1.0,0.41587301587301584,0.5079365079365079,6,0.9815295815295815,0.9818181818181818,21.003986,Success
4,ab_ov0_p500_s123,A/B overlap=0 p=500,GEMSS_kernel,classification,100,500,3,5,2,0,0.05,0.0,True,0.5,123,0.6,0.6428571428571429,0.6206896551724138,20.0,12.857142857142858,0.45,6,14,9,6,5,0.30952380952380953,0.4666666666666666,0.4666666666666666,0.46666666666666673,5.333333333333333,0,0,0,0,1.0,0.6835978835978836,0.20370370370370372,6,0.9670276701855648,0.980952380952381,21.411053,Success
4,ab_ov0_p500_s123,A/B overlap=0 p=500,GEMSS_scalefixed,classification,100,500,3,5,2,0,0.05,0.0,True,0.5,123,0.6,1.0,0.7499999999999999,20.0,20.0,0.6,6,9,9,6,0,0.30952380952380953,0.4666666666666666,0.4666666666666666,0.46666666666666673,5.333333333333333,0,0,0,0,1.0,0.5264550264550264,0.5873015873015873,6,0.9767221083010557,0.9818181818181818,19.307141,Success
4,ab_ov0_p500_s123,A/B overlap=0 p=500,GEMSS,classification,100,500,3,5,2,0,0.05,0.0,True,0.5,123,0.4666666666666667,0.25925925925925924,0.33333333333333337,15.555555555555555,4.032921810699588,0.2,6,27,7,8,20,0.20370370370370372,0.3333333333333333,0.3333333333333333,0.3333333333333334,6.666666666666667,0,0,0,0,1.0,0.9685185185185186,0.1574074074074074,6,0.696627114428972,0.9617680565048985,20.897842,Success
4,ab_ov0_p500_s123,A/B overlap=0 p=500,Masking_lasso,classification,100,500,3,5,2,0,0.05,0.0,True,0.5,123,0.8666666666666667,0.43333333333333335,0.5777777777777778,28.88888888888889,12.518518518518519,0.40625,6,30,13,2,17,0.20370370370370372,0.3333333333333333,0.3333333333333333,0.3333333333333334,6.666666666666667,0,0,0,0,1.0,1.0,0.0,6,0.8873507137408739,0.9894736842105264,0.033983,Success
4,ab_ov0_p500_s123,A/B overlap=0 p=500,Masking_logistic,classification,100,500,3,5,2,0,0.05,0.0,True,0.5,123,0.8666666666666667,0.43333333333333335,0.5777777777777778,28.88888888888889,12.518518518518519,0.40625,6,30,13,2,17,0.20370370370370372,0.3333333333333333,0.3333333333333333,0.3333333333333334,6.666666666666667,0,0,0,0,1.0,1.0,0.0,6,0.8873507137408739,0.9894736842105264,0.033377,Success
4,ab_ov0_p500_s123,A/B overlap=0 p=500,StabilitySelection,classification,100,500,3,5,2,0,0.05,0.0,True,0.5,123,0.3333333333333333,1.0,0.5,11.11111111111111,11.11111111111111,0.3333333333333333,1,5,5,10,0,0.14285714285714285,0.19999999999999998,0.19999999999999998,0.19999999999999998,1.3333333333333333,0,0,0,0,1.0,0.0,,1,0.9818181818181818,0.9818181818181818,0.248131,Success
4,ab_ov0_p500_s123,A/B overlap=0 p=500,ALFESE_mi_tau1.0,classification,100,500,3,5,2,0,0.05,0.0,True,0.5,123,0.7333333333333333,0.36666666666666664,0.4888888888888889,24.444444444444443,8.962962962962962,0.3235294117647059,6,30,11,4,19,0.20370370370370372,0.3333333333333333,0.3333333333333333,0.3333333333333334,6.666666666666667,0,0,0,0,1.0,1.0,0.0,6,0.7518512649263761,0.980952380952381,1.727158,Success
4,ab_ov0_p500_s123,A/B overlap=0 p=500,ALFESE_importance_tau1.0,classification,100,500,3,5,2,0,0.05,0.0,True,0.5,123,0.06666666666666667,0.03333333333333333,0.04444444444444444,2.2222222222222223,0.07407407407407407,0.022727272727272728,6,30,1,14,29,0.037037037037037035,0.06666666666666667,0.06666666666666667,0.06666666666666668,9.333333333333334,0,0,0,0,1.0,1.0,0.0,6,0.5718232234529852,0.971291866028708,0.698712,Success
5,ab_ov2_p500_s42,A/B overlap=2 p=500,GEMSS_logistic,classification,100,500,3,5,2,2,0.05,0.0,True,0.5,42,0.5454545454545454,1.0,0.7058823529411764,24.793388429752067,24.793388429752067,0.5454545454545454,6,6,6,5,0,0.2632275132275132,0.4000000000000001,0.4000000000000001,0.4000000000000001,6.0,0,0,2,0,0.75,0.20000000000000007,0.5277777777777777,6,0.9799498746867167,0.9799498746867167,20.956936,Success
5,ab_ov2_p500_s42,A/B overlap=2 p=500,GEMSS_kernel,classification,100,500,3,5,2,2,0.05,0.0,True,0.5,42,0.8181818181818182,0.5294117647058824,0.6428571428571428,37.1900826446281,19.688867282450172,0.47368421052631576,6,17,9,2,8,0.30952380952380953,0.4666666666666666,0.4666666666666666,0.46666666666666673,5.333333333333333,0,0,2,0,0.75,0.7735449735449735,0.12962962962962962,6,0.959693678641047,0.980952380952381,22.326431,Success
5,ab_ov2_p500_s42,A/B overlap=2 p=500,GEMSS_scalefixed,classification,100,500,3,5,2,2,0.05,0.0,True,0.5,42,0.5454545454545454,1.0,0.7058823529411764,24.793388429752067,24.793388429752067,0.5454545454545454,6,6,6,5,0,0.2632275132275132,0.4000000000000001,0.4000000000000001,0.4000000000000001,6.0,0,0,2,0,0.75,0.11111111111111113,0.5277777777777777,6,0.9783625730994151,0.9799498746867167,19.400472,Success
5,ab_ov2_p500_s42,A/B overlap=2 p=500,GEMSS,classification,100,500,3,5,2,2,0.05,0.0,True,0.5,42,0.5454545454545454,0.25,0.34285714285714286,24.793388429752067,6.198347107438017,0.20689655172413793,6,24,6,5,18,0.20370370370370372,0.3333333333333333,0.3333333333333333,0.3333333333333334,6.666666666666667,0,0,2,0,0.75,0.9158730158730158,0.0925925925925926,6,0.8548589103024424,0.9904761904761905,21.293895,Success
5,ab_ov2_p500_s42,A/B overlap=2 p=500,Masking_lasso,classification,100,500,3,5,2,2,0.05,0.0,True,0.5,42,0.9090909090909091,0.3333333333333333,0.4878048780487804,41.32231404958678,13.774104683195592,0.3225806451612903,6,30,10,1,20,0.1574074074074074,0.26666666666666666,0.26666666666666666,0.2666666666666667,7.333333333333333,0,0,2,0,0.75,1.0,0.25,6,0.8385187791224943,0.9799498746867167,0.032215,Success
5,ab_ov2_p500_s42,A/B overlap=2 p=500,Masking_logistic,classification,100,500,3,5,2,2,0.05,0.0,True,0.5,42,0.9090909090909091,0.3333333333333333,0.4878048780487804,41.32231404958678,13.774104683195592,0.3225806451612903,6,30,10,1,20,0.1574074074074074,0.26666666666666666,0.26666666666666666,0.2666666666666667,7.333333333333333,0,0,2,0,0.75,1.0,0.25,6,0.8385187791224943,0.9799498746867167,0.025084,Success
5,ab_ov2_p500_s42,A/B overlap=2 p=500,StabilitySelection,classification,100,500,3,5,2,2,0.05,0.0,True,0.5,42,0.36363636363636365,0.8,0.5000000000000001,16.52892561983471,13.223140495867767,0.3333333333333333,1,5,4,7,1,0.08333333333333333,0.13333333333333333,0.13333333333333333,0.13333333333333336,2.0,0,0,2,0,0.75,0.0,,1,0.9799498746867167,0.9799498746867167,0.233958,Success
5,ab_ov2_p500_s42,A/B overlap=2 p=500,ALFESE_mi_tau1.0,classification,100,500,3,5,2,2,0.05,0.0,True,0.5,42,0.7272727272727273,0.26666666666666666,0.3902439024390244,33.05785123966942,8.815426997245178,0.24242424242424243,6,30,8,3,22,0.2632275132275132,0.4000000000000001,0.4000000000000001,0.4000000000000001,6.0,0,0,2,0,0.75,1.0,0.25,6,0.6931698976056224,0.9704260651629072,1.690488,Success
5,ab_ov2_p500_s42,A/B overlap=2 p=500,ALFESE_importance_tau1.0,classification,100,500,3,5,2,2,0.05,0.0,True,0.5,42,0.18181818181818182,0.06666666666666667,0.0975609756097561,8.264462809917354,0.5509641873278236,0.05128205128205128,6,30,2,9,28,0.07407407407407407,0.13333333333333333,0.13333333333333333,0.13333333333333336,8.666666666666666,0,0,2,0,0.75,1.0,0.25,6,0.6404978113366636,0.980952380952381,0.564238,Success
5,ab_ov2_p500_s7,A/B overlap=2 p=500,GEMSS_logistic,classification,100,500,3,5,2,2,0.05,0.0,True,0.5,7,0.5454545454545454,1.0,0.7058823529411764,24.793388429752067,24.793388429752067,0.5454545454545454,6,6,6,5,0,0.36904761904761907,0.5333333333333333,0.5333333333333333,0.5333333333333333,4.666666666666667,0,0,2,0,0.75,0.11111111111111113,0.5277777777777777,6,0.9554834054834055,0.9714285714285713,20.587747,Success
5,ab_ov2_p500_s7,A/B overlap=2 p=500,GEMSS_kernel,classification,100,500,3,5,2,2,0.05,0.0,True,0.5,7,0.6363636363636364,0.7,0.6666666666666666,28.925619834710744,20.24793388429752,0.5,6,10,7,4,3,0.42857142857142855,0.6,0.6,0.6,4.0,0,0,2,0,0.75,0.4285714285714285,0.2579365079365079,6,0.9407784502979011,0.9522943722943722,22.018259,Success
5,ab_ov2_p500_s7,A/B overlap=2 p=500,GEMSS_scalefixed,classification,100,500,3,5,2,2,0.05,0.0,True,0.5,7,0.5454545454545454,1.0,0.7058823529411764,24.793388429752067,24.793388429752067,0.5454545454545454,6,6,6,5,0,0.36904761904761907,0.5333333333333333,0.5333333333333333,0.5333333333333333,4.666666666666667,0,0,2,0,0.75,0.2888888888888889,0.5277777777777777,6,0.9548462064251538,0.9599498746867168,19.452987,Success
5,ab_ov2_p500_s7,A/B overlap=2 p=500,GEMSS,classification,100,500,3,5,2,2,0.05,0.0,True,0.5,7,0.6363636363636364,0.3888888888888889,0.4827586206896552,28.925619834710744,11.248852157943068,0.3181818181818182,6,18,7,4,11,0.36904761904761907,0.5333333333333333,0.5333333333333333,0.5333333333333333,4.666666666666667,0,0,2,0,0.75,0.8306878306878307,0.13888888888888887,6,0.8785850227107463,0.9704761904761906,20.957906,Success
5,ab_ov2_p500_s7,A/B overlap=2 p=500,Masking_lasso,classification,100,500,3,5,2,2,0.05,0.0,True,0.5,7,0.9090909090909091,0.3333333333333333,0.4878048780487804,41.32231404958678,13.774104683195592,0.3225806451612903,6,30,10,1,20,0.2169312169312169,0.3333333333333333,0.3333333333333333,0.3333333333333333,6.666666666666667,0,0,2,0,0.75,1.0,0.25,6,0.7813337562563568,0.9704260651629072,0.034944,Success
5,ab_ov2_p500_s7,A/B overlap=2 p=500,Masking_logistic,classification,100,500,3,5,2,2,0.05,0.0,True,0.5,7,0.9090909090909091,0.3333333333333333,0.4878048780487804,41.32231404958678,13.774104683195592,0.3225806451612903,6,30,10,1,20,0.2169312169312169,0.3333333333333333,0.3333333333333333,0.3333333333333333,6.666666666666667,0,0,2,0,0.75,1.0,0.25,6,0.7813337562563568,0.9704260651629072,0.03185,Success
5,ab_ov2_p500_s7,A/B overlap=2 p=500,StabilitySelection,classification,100,500,3,5,2,2,0.05,0.0,True,0.5,7,0.45454545454545453,1.0,0.625,20.66115702479339,20.66115702479339,0.45454545454545453,1,5,5,6,0,0.14285714285714285,0.19999999999999998,0.19999999999999998,0.19999999999999998,1.3333333333333333,0,0,2,0,0.75,0.0,,1,0.9522943722943722,0.9522943722943722,0.238956,Success
5,ab_ov2_p500_s7,A/B overlap=2 p=500,ALFESE_mi_tau1.0,classification,100,500,3,5,2,2,0.05,0.0,True,0.5,7,0.6363636363636364,0.23333333333333334,0.34146341463414637,28.925619834710744,6.749311294765841,0.20588235294117646,6,30,7,4,23,0.1574074074074074,0.26666666666666666,0.26666666666666666,0.2666666666666667,7.333333333333333,0,0,2,0,0.75,1.0,0.25,6,0.7387950066789076,0.9541125541125541,1.698517,Success
5,ab_ov2_p500_s7,A/B overlap=2 p=500,ALFESE_importance_tau1.0,classification,100,500,3,5,2,2,0.05,0.0,True,0.5,7,0.18181818181818182,0.06666666666666667,0.0975609756097561,8.264462809917354,0.5509641873278236,0.05128205128205128,6,30,2,9,28,0.07407407407407407,0.13333333333333333,0.13333333333333333,0.13333333333333336,8.666666666666666,0,0,2,0,0.75,1.0,0.25,6,0.5427991841967478,0.9484848484848485,0.673702,Success
5,ab_ov2_p500_s123,A/B overlap=2 p=500,GEMSS_logistic,classification,100,500,3,5,2,2,0.05,0.0,True,0.5,123,0.45454545454545453,1.0,0.625,20.66115702479339,20.66115702479339,0.45454545454545453,6,5,5,6,0,0.4484126984126984,0.6000000000000001,0.6000000000000001,0.6000000000000001,4.0,0,0,2,6,0.75,0.0,0.75,6,0.9818181818181818,0.9818181818181818,21.242323,Success
5,ab_ov2_p500_s123,A/B overlap=2 p=500,GEMSS_kernel,classification,100,500,3,5,2,2,0.05,0.0,True,0.5,123,0.6363636363636364,0.5,0.56,28.925619834710744,14.462809917355372,0.3888888888888889,6,14,7,4,7,0.32275132275132273,0.4666666666666666,0.4666666666666666,0.4666666666666666,5.333333333333333,0,0,2,1,0.75,0.7682539682539683,0.059523809523809514,6,0.9310770998642851,0.9818181818181818,21.89617,Success
5,ab_ov2_p500_s123,A/B overlap=2 p=500,GEMSS_scalefixed,classification,100,500,3,5,2,2,0.05,0.0,True,0.5,123,0.5454545454545454,1.0,0.7058823529411764,24.793388429752067,24.793388429752067,0.5454545454545454,6,6,6,5,0,0.5079365079365079,0.6666666666666666,0.6666666666666666,0.6666666666666666,3.3333333333333335,0,0,2,5,0.75,0.20000000000000004,0.5277777777777778,6,0.9818181818181818,0.9818181818181818,19.590707,Success
5,ab_ov2_p500_s123,A/B overlap=2 p=500,GEMSS,classification,100,500,3,5,2,2,0.05,0.0,True,0.5,123,0.45454545454545453,0.3125,0.3703703703703703,20.66115702479339,6.456611570247935,0.22727272727272727,6,16,5,6,11,0.32275132275132273,0.4666666666666666,0.4666666666666666,0.4666666666666666,5.333333333333333,0,0,2,1,0.75,0.6613756613756614,0.17857142857142852,6,0.9712951570846307,1.0,20.408177,Success
5,ab_ov2_p500_s123,A/B overlap=2 p=500,Masking_lasso,classification,100,500,3,5,2,2,0.05,0.0,True,0.5,123,0.9090909090909091,0.3333333333333333,0.4878048780487804,41.32231404958678,13.774104683195592,0.3225806451612903,6,30,10,1,20,0.25,0.4000000000000001,0.4000000000000001,0.4000000000000001,6.0,0,0,2,0,0.75,1.0,0.25,6,0.7969684834616185,0.9714285714285715,0.032887,Success
5,ab_ov2_p500_s123,A/B overlap=2 p=500,Masking_logistic,classification,100,500,3,5,2,2,0.05,0.0,True,0.5,123,0.9090909090909091,0.3333333333333333,0.4878048780487804,41.32231404958678,13.774104683195592,0.3225806451612903,6,30,10,1,20,0.25,0.4000000000000001,0.4000000000000001,0.4000000000000001,6.0,0,0,2,0,0.75,1.0,0.25,6,0.7969684834616185,0.9714285714285715,0.030237,Success
5,ab_ov2_p500_s123,A/B overlap=2 p=500,StabilitySelection,classification,100,500,3,5,2,2,0.05,0.0,True,0.5,123,0.2727272727272727,1.0,0.42857142857142855,12.396694214876034,12.396694214876034,0.2727272727272727,1,3,3,8,0,0.1111111111111111,0.2222222222222222,0.13333333333333333,0.16666666666666666,1.3333333333333333,0,0,2,0,0.75,0.0,,1,0.9722943722943723,0.9722943722943723,0.236505,Success
5,ab_ov2_p500_s123,A/B overlap=2 p=500,ALFESE_mi_tau1.0,classification,100,500,3,5,2,2,0.05,0.0,True,0.5,123,0.7272727272727273,0.26666666666666666,0.3902439024390244,33.05785123966942,8.815426997245178,0.24242424242424243,6,30,8,3,22,0.34259259259259256,0.46666666666666673,0.46666666666666673,0.46666666666666673,5.333333333333333,0,0,2,0,0.75,1.0,0.25,6,0.6759387506298261,0.9818181818181818,1.682024,Success
5,ab_ov2_p500_s123,A/B overlap=2 p=500,ALFESE_importance_tau1.0,classification,100,500,3,5,2,2,0.05,0.0,True,0.5,123,0.18181818181818182,0.06666666666666667,0.0975609756097561,8.264462809917354,0.5509641873278236,0.05128205128205128,6,30,2,9,28,0.07407407407407407,0.13333333333333333,0.13333333333333333,0.13333333333333336,8.666666666666666,0,0,2,0,0.75,1.0,0.25,6,0.607949459792238,0.9512918660287081,0.698569,Success
6,ab_ov4_p500_s42,A/B overlap=4 p=500,GEMSS_logistic,classification,100,500,3,5,2,4,0.05,0.0,True,0.5,42,0.7142857142857143,1.0,0.8333333333333333,51.02040816326531,51.02040816326531,0.7142857142857143,6,5,5,2,0,0.7777777777777777,0.8666666666666667,0.8666666666666667,0.8666666666666668,1.3333333333333333,1,1,4,6,0.3333333333333333,0.0,0.3333333333333333,6,0.9799498746867167,0.9799498746867167,20.495405,Success
6,ab_ov4_p500_s42,A/B overlap=4 p=500,GEMSS_kernel,classification,100,500,3,5,2,4,0.05,0.0,True,0.5,42,0.8571428571428571,0.42857142857142855,0.5714285714285714,61.224489795918366,26.239067055393583,0.4,6,14,6,1,8,0.42857142857142855,0.6,0.6,0.6,4.0,0,0,4,0,0.3333333333333333,0.6481481481481481,0.23809523809523805,6,0.9719483051061998,1.0,21.772364,Success
6,ab_ov4_p500_s42,A/B overlap=4 p=500,GEMSS_scalefixed,classification,100,500,3,5,2,4,0.05,0.0,True,0.5,42,0.8571428571428571,0.75,0.7999999999999999,61.224489795918366,45.91836734693877,0.6666666666666666,6,8,6,1,2,0.7777777777777777,0.8666666666666667,0.8666666666666667,0.8666666666666668,1.3333333333333333,1,1,4,2,0.3333333333333333,0.3428571428571428,0.11111111111111112,6,0.9771094402673349,0.980952380952381,19.071616,Success
6,ab_ov4_p500_s42,A/B overlap=4 p=500,GEMSS,classification,100,500,3,5,2,4,0.05,0.0,True,0.5,42,0.8571428571428571,0.35294117647058826,0.5,61.224489795918366,21.608643457382954,0.3333333333333333,6,17,6,1,11,0.5873015873015873,0.7333333333333334,0.7333333333333334,0.7333333333333334,2.6666666666666665,0,0,4,0,0.3333333333333333,0.7505291005291005,0.35714285714285704,6,0.9067842660721918,0.9799498746867169,20.537637,Success
6,ab_ov4_p500_s42,A/B overlap=4 p=500,Masking_lasso,classification,100,500,3,5,2,4,0.05,0.0,True,0.5,42,0.8571428571428571,0.2,0.32432432432432434,61.224489795918366,12.244897959183675,0.1935483870967742,6,30,6,1,24,0.26322751322751325,0.39999999999999997,0.39999999999999997,0.39999999999999997,6.0,0,0,4,0,0.3333333333333333,1.0,0.6666666666666666,6,0.7864563582870218,0.9904761904761905,0.032196,Success
6,ab_ov4_p500_s42,A/B overlap=4 p=500,Masking_logistic,classification,100,500,3,5,2,4,0.05,0.0,True,0.5,42,0.8571428571428571,0.2,0.32432432432432434,61.224489795918366,12.244897959183675,0.1935483870967742,6,30,6,1,24,0.26322751322751325,0.39999999999999997,0.39999999999999997,0.39999999999999997,6.0,0,0,4,0,0.3333333333333333,1.0,0.6666666666666666,6,0.7864563582870218,0.9904761904761905,0.026069,Success
6,ab_ov4_p500_s42,A/B overlap=4 p=500,StabilitySelection,classification,100,500,3,5,2,4,0.05,0.0,True,0.5,42,0.42857142857142855,0.75,0.5454545454545454,30.612244897959183,22.959183673469386,0.375,1,4,3,4,1,0.16666666666666666,0.25,0.19999999999999998,0.22222222222222218,1.0,0,0,4,0,0.3333333333333333,0.0,,1,0.9904761904761905,0.9904761904761905,0.229253,Success
6,ab_ov4_p500_s42,A/B overlap=4 p=500,ALFESE_mi_tau1.0,classification,100,500,3,5,2,4,0.05,0.0,True,0.5,42,0.7142857142857143,0.16666666666666666,0.2702702702702703,51.02040816326531,8.503401360544217,0.15625,6,30,5,2,25,0.25925925925925924,0.3333333333333333,0.3333333333333333,0.3333333333333334,6.666666666666667,0,0,4,0,0.3333333333333333,1.0,0.6666666666666666,6,0.6087629995899615,0.9694235588972431,1.735785,Success
6,ab_ov4_p500_s42,A/B overlap=4 p=500,ALFESE_importance_tau1.0,classification,100,500,3,5,2,4,0.05,0.0,True,0.5,42,0.14285714285714285,0.03333333333333333,0.05405405405405406,10.204081632653061,0.3401360544217687,0.027777777777777776,6,30,1,6,29,0.037037037037037035,0.06666666666666667,0.06666666666666667,0.06666666666666668,9.333333333333334,0,0,4,0,0.3333333333333333,1.0,0.6666666666666666,6,0.5698799050767014,0.9704260651629072,0.557504,Success
6,ab_ov4_p500_s7,A/B overlap=4 p=500,GEMSS_logistic,classification,100,500,3,5,2,4,0.05,0.0,True,0.5,7,0.5714285714285714,0.4444444444444444,0.5,40.816326530612244,18.140589569160998,0.3333333333333333,6,9,4,3,5,0.36904761904761907,0.5333333333333333,0.5333333333333333,0.5333333333333333,4.666666666666667,0,0,4,0,0.3333333333333333,0.3111111111111111,0.0,6,0.9603323085931782,0.980952380952381,20.591072,Success
6,ab_ov4_p500_s7,A/B overlap=4 p=500,GEMSS_kernel,classification,100,500,3,5,2,4,0.05,0.0,True,0.5,7,0.5714285714285714,0.25,0.34782608695652173,40.816326530612244,10.204081632653061,0.21052631578947367,6,16,4,3,12,0.32275132275132273,0.4666666666666666,0.4666666666666666,0.4666666666666666,5.333333333333333,0,0,4,0,0.3333333333333333,0.7910052910052912,0.2976190476190476,6,0.9409683189088223,0.9704260651629072,22.441018,Success
6,ab_ov4_p500_s7,A/B overlap=4 p=500,GEMSS_scalefixed,classification,100,500,3,5,2,4,0.05,0.0,True,0.5,7,0.5714285714285714,0.4,0.47058823529411764,40.816326530612244,16.3265306122449,0.3076923076923077,6,10,4,3,6,0.36904761904761907,0.5333333333333333,0.5333333333333333,0.5333333333333333,4.666666666666667,0,0,4,0,0.3333333333333333,0.3333333333333333,0.0,6,0.9569193074913898,0.9714285714285713,20.087973,Success
6,ab_ov4_p500_s7,A/B overlap=4 p=500,GEMSS,classification,100,500,3,5,2,4,0.05,0.0,True,0.5,7,0.5714285714285714,0.2857142857142857,0.38095238095238093,40.816326530612244,11.661807580174926,0.23529411764705882,6,14,4,3,10,0.36904761904761907,0.5333333333333333,0.5333333333333333,0.5333333333333333,4.666666666666667,0,0,4,0,0.3333333333333333,0.6666666666666666,0.15873015873015872,6,0.9461869319764055,0.9627705627705627,21.229835,Success
6,ab_ov4_p500_s7,A/B overlap=4 p=500,Masking_lasso,classification,100,500,3,5,2,4,0.05,0.0,True,0.5,7,0.7142857142857143,0.16666666666666666,0.2702702702702703,51.02040816326531,8.503401360544217,0.15625,6,30,5,2,25,0.16666666666666666,0.26666666666666666,0.26666666666666666,0.2666666666666667,7.333333333333333,0,0,4,0,0.3333333333333333,1.0,0.6666666666666666,6,0.7017005898584846,0.9617680565048985,0.03734,Success
6,ab_ov4_p500_s7,A/B overlap=4 p=500,Masking_logistic,classification,100,500,3,5,2,4,0.05,0.0,True,0.5,7,0.7142857142857143,0.16666666666666666,0.2702702702702703,51.02040816326531,8.503401360544217,0.15625,6,30,5,2,25,0.16666666666666666,0.26666666666666666,0.26666666666666666,0.2666666666666667,7.333333333333333,0,0,4,0,0.3333333333333333,1.0,0.6666666666666666,6,0.7017005898584846,0.9617680565048985,0.030342,Success
6,ab_ov4_p500_s7,A/B overlap=4 p=500,StabilitySelection,classification,100,500,3,5,2,4,0.05,0.0,True,0.5,7,0.2857142857142857,0.5,0.36363636363636365,20.408163265306122,10.204081632653061,0.2222222222222222,1,4,2,5,2,0.09523809523809523,0.16666666666666666,0.13333333333333333,0.14814814814814817,1.6666666666666667,0,0,4,0,0.3333333333333333,0.0,,1,0.9609022556390977,0.9609022556390977,0.236812,Success
6,ab_ov4_p500_s7,A/B overlap=4 p=500,ALFESE_mi_tau1.0,classification,100,500,3,5,2,4,0.05,0.0,True,0.5,7,0.5714285714285714,0.13333333333333333,0.21621621621621623,40.816326530612244,5.442176870748299,0.12121212121212122,6,30,4,3,26,0.14285714285714285,0.19999999999999998,0.19999999999999998,0.19999999999999998,8.0,0,0,4,0,0.3333333333333333,1.0,0.6666666666666666,6,0.5897983016196099,0.9532467532467532,1.691778,Success
6,ab_ov4_p500_s7,A/B overlap=4 p=500,ALFESE_importance_tau1.0,classification,100,500,3,5,2,4,0.05,0.0,True,0.5,7,0.14285714285714285,0.03333333333333333,0.05405405405405406,10.204081632653061,0.3401360544217687,0.027777777777777776,6,30,1,6,29,0.037037037037037035,0.06666666666666667,0.06666666666666667,0.06666666666666668,9.333333333333334,0,0,4,0,0.3333333333333333,1.0,0.6666666666666666,6,0.5643948540977077,0.9095238095238095,0.709334,Success
6,ab_ov4_p500_s123,A/B overlap=4 p=500,GEMSS_logistic,classification,100,500,3,5,2,4,0.05,0.0,True,0.5,123,0.7142857142857143,0.7142857142857143,0.7142857142857143,51.02040816326531,36.44314868804665,0.5555555555555556,6,7,5,2,2,0.5873015873015873,0.7333333333333334,0.7333333333333334,0.7333333333333334,2.6666666666666665,0,0,4,0,0.3333333333333333,0.20000000000000007,0.3333333333333333,6,0.9697794111981755,0.9818181818181818,20.848422,Success
6,ab_ov4_p500_s123,A/B overlap=4 p=500,GEMSS_kernel,classification,100,500,3,5,2,4,0.05,0.0,True,0.5,123,0.8571428571428571,0.35294117647058826,0.5,61.224489795918366,21.608643457382954,0.3333333333333333,6,17,6,1,11,0.36904761904761907,0.5333333333333333,0.5333333333333333,0.5333333333333333,4.666666666666667,0,0,4,0,0.3333333333333333,0.8277777777777778,0.32407407407407407,6,0.8910723966909186,0.9818181818181818,21.712178,Success
6,ab_ov4_p500_s123,A/B overlap=4 p=500,GEMSS_scalefixed,classification,100,500,3,5,2,4,0.05,0.0,True,0.5,123,0.7142857142857143,0.7142857142857143,0.7142857142857143,51.02040816326531,36.44314868804665,0.5555555555555556,6,7,5,2,2,0.5873015873015873,0.7333333333333334,0.7333333333333334,0.7333333333333334,2.6666666666666665,0,0,4,0,0.3333333333333333,0.21587301587301594,0.3333333333333333,6,0.9695374800637957,0.971291866028708,19.01363,Success
6,ab_ov4_p500_s123,A/B overlap=4 p=500,GEMSS,classification,100,500,3,5,2,4,0.05,0.0,True,0.5,123,0.5714285714285714,0.18181818181818182,0.27586206896551724,40.816326530612244,7.421150278293135,0.16,6,22,4,3,18,0.2857142857142857,0.39999999999999997,0.39999999999999997,0.39999999999999997,6.0,0,0,4,0,0.3333333333333333,0.8584656084656086,0.44973544973544977,6,0.9060495661639826,0.971291866028708,20.358362,Success
6,ab_ov4_p500_s123,A/B overlap=4 p=500,Masking_lasso,classification,100,500,3,5,2,4,0.05,0.0,True,0.5,123,1.0,0.23333333333333334,0.37837837837837834,71.42857142857143,16.666666666666668,0.23333333333333334,6,30,7,0,23,0.2857142857142857,0.39999999999999997,0.39999999999999997,0.39999999999999997,6.0,0,0,4,0,0.3333333333333333,1.0,0.6666666666666666,6,0.7583643473854135,0.9617680565048985,0.03785,Success
6,ab_ov4_p500_s123,A/B overlap=4 p=500,Masking_logistic,classification,100,500,3,5,2,4,0.05,0.0,True,0.5,123,1.0,0.23333333333333334,0.37837837837837834,71.42857142857143,16.666666666666668,0.23333333333333334,6,30,7,0,23,0.2857142857142857,0.39999999999999997,0.39999999999999997,0.39999999999999997,6.0,0,0,4,0,0.3333333333333333,1.0,0.6666666666666666,6,0.7583643473854135,0.9617680565048985,0.030359,Success
6,ab_ov4_p500_s123,A/B overlap=4 p=500,StabilitySelection,classification,100,500,3,5,2,4,0.05,0.0,True,0.5,123,0.42857142857142855,1.0,0.6,30.612244897959183,30.612244897959183,0.42857142857142855,1,3,3,4,0,0.19999999999999998,0.3333333333333333,0.19999999999999998,0.24999999999999997,0.6666666666666666,0,0,4,0,0.3333333333333333,0.0,,1,0.9818181818181818,0.9818181818181818,0.235627,Success
6,ab_ov4_p500_s123,A/B overlap=4 p=500,ALFESE_mi_tau1.0,classification,100,500,3,5,2,4,0.05,0.0,True,0.5,123,0.7142857142857143,0.16666666666666666,0.2702702702702703,51.02040816326531,8.503401360544217,0.15625,6,30,5,2,25,0.2222222222222222,0.26666666666666666,0.26666666666666666,0.2666666666666667,7.333333333333333,0,0,4,0,0.3333333333333333,1.0,0.6666666666666666,6,0.5778668381343708,0.971291866028708,1.709722,Success
6,ab_ov4_p500_s123,A/B overlap=4 p=500,ALFESE_importance_tau1.0,classification,100,500,3,5,2,4,0.05,0.0,True,0.5,123,0.42857142857142855,0.1,0.16216216216216217,30.612244897959183,3.0612244897959187,0.08823529411764706,6,30,3,4,27,0.1111111111111111,0.20000000000000004,0.20000000000000004,0.20000000000000004,8.0,0,0,4,0,0.3333333333333333,1.0,0.6666666666666666,6,0.6269500728104848,0.8841345788714209,0.688813,Success
