Exp_Number,Experiment_ID,Experiment_Description,Method,Task,n_samples,n_features,n_generating_solutions,sparsity,noise_std,nan_ratio,binarize,binary_response_ratio,seed,Recall,Precision,F1_Score,Success_Index,Adjusted_SI,Jaccard,Solutions_Found,Total_Features_Selected,n_correct,n_missed,n_extra,Runtime_Sec,Status
1,tier1_30x100_s5,"Tier 1: Basic validation - N=30, P=100",GEMSS,classification,30,100,3,5,0.1,0.0,True,0.5,42,1.0,1.0,1.0,7.142857142857143,7.142857142857143,1.0,6,14,14,0,0,15.588889,Success
1,tier1_30x100_s5,"Tier 1: Basic validation - N=30, P=100",ALFESE_mrmr_tau1.0,classification,30,100,3,5,0.1,0.0,True,0.5,42,0.7142857142857143,0.3333333333333333,0.4545454545454545,5.1020408163265305,1.7006802721088434,0.29411764705882354,6,30,10,4,20,422.615284,Success
1,tier1_30x100_s5,"Tier 1: Basic validation - N=30, P=100",ALFESE_mi_tau1.0,classification,30,100,3,5,0.1,0.0,True,0.5,42,0.7857142857142857,0.36666666666666664,0.5,5.612244897959184,2.0578231292517004,0.3333333333333333,6,30,11,3,19,0.985058,Success
1,tier1_30x100_s5,"Tier 1: Basic validation - N=30, P=100",ALFESE_fcbf_tau1.0,classification,30,100,3,5,0.1,0.0,True,0.5,42,0.7857142857142857,0.36666666666666664,0.5,5.612244897959184,2.0578231292517004,0.3333333333333333,6,30,11,3,19,18.714094,Success
2,tier1_50x100_s5,"Tier 1: Basic validation - N=50, P=100",GEMSS,classification,50,100,3,5,0.1,0.0,True,0.5,42,0.9285714285714286,1.0,0.962962962962963,6.63265306122449,6.63265306122449,0.9285714285714286,6,13,13,1,0,17.858283,Success
2,tier1_50x100_s5,"Tier 1: Basic validation - N=50, P=100",ALFESE_mrmr_tau1.0,classification,50,100,3,5,0.1,0.0,True,0.5,42,0.8571428571428571,0.4,0.5454545454545455,6.122448979591836,2.4489795918367347,0.375,6,30,12,2,18,376.432522,Success
2,tier1_50x100_s5,"Tier 1: Basic validation - N=50, P=100",ALFESE_mi_tau1.0,classification,50,100,3,5,0.1,0.0,True,0.5,42,0.8571428571428571,0.4,0.5454545454545455,6.122448979591836,2.4489795918367347,0.375,6,30,12,2,18,0.832698,Success
2,tier1_50x100_s5,"Tier 1: Basic validation - N=50, P=100",ALFESE_fcbf_tau1.0,classification,50,100,3,5,0.1,0.0,True,0.5,42,0.6428571428571429,0.3,0.4090909090909091,4.591836734693878,1.3775510204081634,0.2571428571428571,6,30,9,5,21,14.893988,Success
3,tier1_50x200_s5,"Tier 1: Basic validation - N=50, P=200",GEMSS,classification,50,200,3,5,0.1,0.0,True,0.5,42,1.0,1.0,1.0,14.285714285714286,14.285714285714286,1.0,6,14,14,0,0,16.963479,Success
3,tier1_50x200_s5,"Tier 1: Basic validation - N=50, P=200",ALFESE_mrmr_tau1.0,classification,50,200,3,5,0.1,0.0,True,0.5,42,0.6428571428571429,0.3,0.4090909090909091,9.183673469387756,2.7551020408163267,0.2571428571428571,6,30,9,5,21,425.222676,Success
3,tier1_50x200_s5,"Tier 1: Basic validation - N=50, P=200",ALFESE_mi_tau1.0,classification,50,200,3,5,0.1,0.0,True,0.5,42,0.8571428571428571,0.4,0.5454545454545455,12.244897959183673,4.8979591836734695,0.375,6,30,12,2,18,0.661971,Success
3,tier1_50x200_s5,"Tier 1: Basic validation - N=50, P=200",ALFESE_fcbf_tau1.0,classification,50,200,3,5,0.1,0.0,True,0.5,42,0.6428571428571429,0.3,0.4090909090909091,9.183673469387756,2.7551020408163267,0.2571428571428571,6,30,9,5,21,61.190259,Success
4,tier1_50x500_s5,"Tier 1: Basic validation - N=50, P=500",GEMSS,classification,50,500,3,5,0.1,0.0,True,0.5,42,0.9333333333333333,1.0,0.9655172413793104,31.11111111111111,31.11111111111111,0.9333333333333333,9,14,14,1,0,21.13673,Success
4,tier1_50x500_s5,"Tier 1: Basic validation - N=50, P=500",ALFESE_mrmr_tau1.0,classification,50,500,3,5,0.1,0.0,True,0.5,42,0.6666666666666666,0.2222222222222222,0.3333333333333333,22.22222222222222,4.938271604938271,0.2,9,45,10,5,35,948.410424,Success
4,tier1_50x500_s5,"Tier 1: Basic validation - N=50, P=500",ALFESE_mi_tau1.0,classification,50,500,3,5,0.1,0.0,True,0.5,42,0.8,0.26666666666666666,0.4,26.666666666666668,7.111111111111112,0.25,9,45,12,3,33,2.8832050000000002,Success
4,tier1_50x500_s5,"Tier 1: Basic validation - N=50, P=500",ALFESE_fcbf_tau1.0,classification,50,500,3,5,0.1,0.0,True,0.5,42,0.13333333333333333,0.044444444444444446,0.06666666666666667,4.444444444444445,0.19753086419753088,0.034482758620689655,9,45,2,13,43,742.701169,Success
5,tier1_100x500_s5,"Tier 1: Basic validation - N=100, P=500",GEMSS,classification,100,500,3,5,0.1,0.0,True,0.5,42,0.9333333333333333,1.0,0.9655172413793104,31.11111111111111,31.11111111111111,0.9333333333333333,9,14,14,1,0,18.410376,Success
5,tier1_100x500_s5,"Tier 1: Basic validation - N=100, P=500",ALFESE_mrmr_tau1.0,classification,100,500,3,5,0.1,0.0,True,0.5,42,0.8,0.26666666666666666,0.4,26.666666666666668,7.111111111111112,0.25,9,45,12,3,33,957.878376,Success
5,tier1_100x500_s5,"Tier 1: Basic validation - N=100, P=500",ALFESE_mi_tau1.0,classification,100,500,3,5,0.1,0.0,True,0.5,42,0.8,0.26666666666666666,0.4,26.666666666666668,7.111111111111112,0.25,9,45,12,3,33,2.820534,Success
5,tier1_100x500_s5,"Tier 1: Basic validation - N=100, P=500",ALFESE_fcbf_tau1.0,classification,100,500,3,5,0.1,0.0,True,0.5,42,0.26666666666666666,0.08888888888888889,0.13333333333333333,8.88888888888889,0.7901234567901235,0.07142857142857142,9,45,4,11,41,758.222051,Success
6,tier2_50x1000_s5,"Tier 2: High-dimensional - N=50, P=1000",GEMSS,classification,50,1000,3,5,0.1,0.0,True,0.5,42,1.0,1.0,1.0,66.66666666666667,66.66666666666667,1.0,12,15,15,0,0,27.831058,Success
6,tier2_50x1000_s5,"Tier 2: High-dimensional - N=50, P=1000",ALFESE_mi_tau1.0,classification,50,1000,3,5,0.1,0.0,True,0.5,42,0.7333333333333333,0.18333333333333332,0.2933333333333333,48.888888888888886,8.962962962962962,0.171875,12,60,11,4,49,10.444157,Success
7,tier2_100x1000_s5,"Tier 2: High-dimensional - N=100, P=1000",GEMSS,classification,100,1000,3,5,0.1,0.0,True,0.5,42,0.8666666666666667,1.0,0.9285714285714286,57.77777777777778,57.77777777777778,0.8666666666666667,12,13,13,2,0,26.901435,Success
7,tier2_100x1000_s5,"Tier 2: High-dimensional - N=100, P=1000",ALFESE_mi_tau1.0,classification,100,1000,3,5,0.1,0.0,True,0.5,42,0.8,0.2,0.32000000000000006,53.333333333333336,10.666666666666668,0.19047619047619047,12,60,12,3,48,11.095748,Success
8,tier2_50x2000_s5,"Tier 2: High-dimensional - N=50, P=2000",GEMSS,classification,50,2000,3,5,0.1,0.0,True,0.5,42,0.9333333333333333,1.0,0.9655172413793104,124.44444444444444,124.44444444444444,0.9333333333333333,12,14,14,1,0,43.150765,Success
8,tier2_50x2000_s5,"Tier 2: High-dimensional - N=50, P=2000",ALFESE_mi_tau1.0,classification,50,2000,3,5,0.1,0.0,True,0.5,42,0.7333333333333333,0.18333333333333332,0.2933333333333333,97.77777777777777,17.925925925925924,0.171875,12,60,11,4,49,26.955461,Success
9,tier2_100x2000_s5,"Tier 2: High-dimensional - N=100, P=2000",GEMSS,classification,100,2000,3,5,0.1,0.0,True,0.5,42,1.0,1.0,1.0,133.33333333333334,133.33333333333334,1.0,12,15,15,0,0,44.597544,Success
9,tier2_100x2000_s5,"Tier 2: High-dimensional - N=100, P=2000",ALFESE_mi_tau1.0,classification,100,2000,3,5,0.1,0.0,True,0.5,42,0.7333333333333333,0.18333333333333332,0.2933333333333333,97.77777777777777,17.925925925925924,0.171875,12,60,11,4,49,27.141918,Success
10,tier2_50x5000_s5,"Tier 2: High-dimensional - N=50, P=5000",GEMSS,classification,50,5000,3,5,0.1,0.0,True,0.5,42,1.0,1.0,1.0,333.3333333333333,333.3333333333333,1.0,12,15,15,0,0,102.801957,Success
10,tier2_50x5000_s5,"Tier 2: High-dimensional - N=50, P=5000",ALFESE_mi_tau1.0,classification,50,5000,3,5,0.1,0.0,True,0.5,42,0.6,0.15,0.24,200.0,30.0,0.13636363636363635,12,60,9,6,51,102.147344,Success
11,tier2_100x5000_s5,"Tier 2: High-dimensional - N=100, P=5000",GEMSS,classification,100,5000,3,5,0.1,0.0,True,0.5,42,1.0,1.0,1.0,333.3333333333333,333.3333333333333,1.0,12,15,15,0,0,104.996332,Success
11,tier2_100x5000_s5,"Tier 2: High-dimensional - N=100, P=5000",ALFESE_mi_tau1.0,classification,100,5000,3,5,0.1,0.0,True,0.5,42,0.7333333333333333,0.18333333333333332,0.2933333333333333,244.44444444444446,44.81481481481482,0.171875,12,60,11,4,49,107.182181,Success
12,tier4_100x200_noise0.5,"Tier 4: Adversity - N=100, P=200, high noise",GEMSS,classification,100,200,3,5,0.5,0.0,True,0.5,42,1.0,0.8235294117647058,0.9032258064516129,14.285714285714286,11.764705882352942,0.8235294117647058,6,17,14,0,3,22.605615,Success
12,tier4_100x200_noise0.5,"Tier 4: Adversity - N=100, P=200, high noise",ALFESE_mi_tau1.0,classification,100,200,3,5,0.5,0.0,True,0.5,42,0.7857142857142857,0.36666666666666664,0.5,11.224489795918368,4.115646258503401,0.3333333333333333,6,30,11,3,19,0.584186,Success
13,tier4_100x200_nan0.2,"Tier 4: Adversity - N=100, P=200, missing data",GEMSS,classification,100,200,3,5,0.1,0.2,True,0.5,42,0.6428571428571429,0.9,0.75,9.183673469387756,8.265306122448981,0.6,6,10,9,5,1,22.894777,Success
13,tier4_100x200_nan0.2,"Tier 4: Adversity - N=100, P=200, missing data",ALFESE_mi_tau1.0,classification,100,200,3,5,0.1,0.2,True,0.5,42,,,,,,,,,,,,,Failed: Input X contains NaN.
14,tier4_100x200_noise0.5_nan0.2,"Tier 4: Adversity - N=100, P=200, high noise + missing data",GEMSS,classification,100,200,3,5,0.5,0.2,True,0.5,42,0.21428571428571427,0.125,0.15789473684210525,3.061224489795918,0.3826530612244898,0.08571428571428572,6,24,3,11,21,25.772336,Success
14,tier4_100x200_noise0.5_nan0.2,"Tier 4: Adversity - N=100, P=200, high noise + missing data",ALFESE_mi_tau1.0,classification,100,200,3,5,0.5,0.2,True,0.5,42,,,,,,,,,,,,,Failed: Input X contains NaN.
15,tier7_200x500_imb0.1,"Tier 7: Class imbalance - N=200, P=500, 10% minority",GEMSS,classification,200,500,3,5,0.1,0.0,True,0.1,42,0.9333333333333333,1.0,0.9655172413793104,31.11111111111111,31.11111111111111,0.9333333333333333,9,14,14,1,0,37.181595,Success
15,tier7_200x500_imb0.1,"Tier 7: Class imbalance - N=200, P=500, 10% minority",ALFESE_mi_tau1.0,classification,200,500,3,5,0.1,0.0,True,0.1,42,0.8,0.26666666666666666,0.4,26.666666666666668,7.111111111111112,0.25,9,45,12,3,33,3.048391,Success
16,tier7_200x500_imb0.2,"Tier 7: Class imbalance - N=200, P=500, 20% minority",GEMSS,classification,200,500,3,5,0.1,0.0,True,0.2,42,0.8666666666666667,1.0,0.9285714285714286,28.88888888888889,28.88888888888889,0.8666666666666667,9,13,13,2,0,38.256921,Success
16,tier7_200x500_imb0.2,"Tier 7: Class imbalance - N=200, P=500, 20% minority",ALFESE_mi_tau1.0,classification,200,500,3,5,0.1,0.0,True,0.2,42,0.8,0.26666666666666666,0.4,26.666666666666668,7.111111111111112,0.25,9,45,12,3,33,2.909807,Success
12,tier4_100x200_noise0.5,"Tier 4: Adversity - N=100, P=200, high noise",ALFESE_mrmr_tau1.0,classification,100,200,3,5,0.5,0.0,True,0.5,42,0.5714285714285714,0.26666666666666666,0.36363636363636365,8.16326530612245,2.17687074829932,0.2222222222222222,6,30,8,6,22,417.893145,Success
12,tier4_100x200_noise0.5,"Tier 4: Adversity - N=100, P=200, high noise",ALFESE_fcbf_tau1.0,classification,100,200,3,5,0.5,0.0,True,0.5,42,0.5714285714285714,0.26666666666666666,0.36363636363636365,8.16326530612245,2.17687074829932,0.2222222222222222,6,30,8,6,22,50.590128,Success
13,tier4_100x200_nan0.2,"Tier 4: Adversity - N=100, P=200, missing data",ALFESE_mrmr_tau1.0,classification,100,200,3,5,0.1,0.2,True,0.5,42,,,,,,,,,,,,,Failed: Input X contains NaN.
13,tier4_100x200_nan0.2,"Tier 4: Adversity - N=100, P=200, missing data",ALFESE_fcbf_tau1.0,classification,100,200,3,5,0.1,0.2,True,0.5,42,,,,,,,,,,,,,Failed: Input X contains NaN.
14,tier4_100x200_noise0.5_nan0.2,"Tier 4: Adversity - N=100, P=200, high noise + missing data",ALFESE_mrmr_tau1.0,classification,100,200,3,5,0.5,0.2,True,0.5,42,,,,,,,,,,,,,Failed: Input X contains NaN.
14,tier4_100x200_noise0.5_nan0.2,"Tier 4: Adversity - N=100, P=200, high noise + missing data",ALFESE_fcbf_tau1.0,classification,100,200,3,5,0.5,0.2,True,0.5,42,,,,,,,,,,,,,Failed: Input X contains NaN.
15,tier7_200x500_imb0.1,"Tier 7: Class imbalance - N=200, P=500, 10% minority",ALFESE_mrmr_tau1.0,classification,200,500,3,5,0.1,0.0,True,0.1,42,0.7333333333333333,0.24444444444444444,0.36666666666666664,24.444444444444443,5.975308641975308,0.22448979591836735,9,45,11,4,34,981.601468,Success
15,tier7_200x500_imb0.1,"Tier 7: Class imbalance - N=200, P=500, 10% minority",ALFESE_fcbf_tau1.0,classification,200,500,3,5,0.1,0.0,True,0.1,42,0.2,0.06666666666666667,0.1,6.666666666666667,0.4444444444444445,0.05263157894736842,9,45,3,12,42,813.933463,Success
16,tier7_200x500_imb0.2,"Tier 7: Class imbalance - N=200, P=500, 20% minority",ALFESE_mrmr_tau1.0,classification,200,500,3,5,0.1,0.0,True,0.2,42,0.7333333333333333,0.24444444444444444,0.36666666666666664,24.444444444444443,5.975308641975308,0.22448979591836735,9,45,11,4,34,985.077976,Success
16,tier7_200x500_imb0.2,"Tier 7: Class imbalance - N=200, P=500, 20% minority",ALFESE_fcbf_tau1.0,classification,200,500,3,5,0.1,0.0,True,0.2,42,0.13333333333333333,0.044444444444444446,0.06666666666666667,4.444444444444445,0.19753086419753088,0.034482758620689655,9,45,2,13,43,815.063307,Success
6,tier2_50x1000_s5,"Tier 2: High-dimensional - N=50, P=1000",ALFESE_mrmr_tau1.0,classification,50,1000,3,5,0.1,0.0,True,0.5,42,0.7333333333333333,0.18333333333333332,0.2933333333333333,48.888888888888886,8.962962962962962,0.171875,12,60,11,4,49,2178.566649,Success
6,tier2_50x1000_s5,"Tier 2: High-dimensional - N=50, P=1000",ALFESE_fcbf_tau1.0,classification,50,1000,3,5,0.1,0.0,True,0.5,42,0.2,0.05,0.08000000000000002,13.333333333333334,0.6666666666666667,0.041666666666666664,12,60,3,12,57,1478.618724,Success
7,tier2_100x1000_s5,"Tier 2: High-dimensional - N=100, P=1000",ALFESE_mrmr_tau1.0,classification,100,1000,3,5,0.1,0.0,True,0.5,42,0.8,0.2,0.32000000000000006,53.333333333333336,10.666666666666668,0.19047619047619047,12,60,12,3,48,2234.169832,Success
7,tier2_100x1000_s5,"Tier 2: High-dimensional - N=100, P=1000",ALFESE_fcbf_tau1.0,classification,100,1000,3,5,0.1,0.0,True,0.5,42,0.4,0.1,0.16000000000000003,26.666666666666668,2.666666666666667,0.08695652173913043,12,60,6,9,54,1594.214625,Success
8,tier2_50x2000_s5,"Tier 2: High-dimensional - N=50, P=2000",ALFESE_mrmr_tau1.0,classification,50,2000,3,5,0.1,0.0,True,0.5,42,0.6666666666666666,0.16666666666666666,0.26666666666666666,88.88888888888889,14.814814814814813,0.15384615384615385,12,60,10,5,50,6197.936079,Success
1,tier1_30x100_s5,"Tier 1: Basic validation - N=30, P=100",ALFESE_greedy_tau1.0,classification,30,100,3,5,0.1,0.0,True,0.5,42,0.2857142857142857,0.13333333333333333,0.18181818181818182,2.0408163265306123,0.272108843537415,0.1,6,30,4,10,26,9.573535,Success
1,tier1_30x100_s5,"Tier 1: Basic validation - N=30, P=100",ALFESE_importance_tau1.0,classification,30,100,3,5,0.1,0.0,True,0.5,42,0.42857142857142855,0.2,0.27272727272727276,3.061224489795918,0.6122448979591837,0.15789473684210525,6,30,6,8,24,0.151189,Success
2,tier1_50x100_s5,"Tier 1: Basic validation - N=50, P=100",ALFESE_greedy_tau1.0,classification,50,100,3,5,0.1,0.0,True,0.5,42,0.2857142857142857,0.13333333333333333,0.18181818181818182,2.0408163265306123,0.272108843537415,0.1,6,30,4,10,26,9.807278,Success
2,tier1_50x100_s5,"Tier 1: Basic validation - N=50, P=100",ALFESE_importance_tau1.0,classification,50,100,3,5,0.1,0.0,True,0.5,42,0.2857142857142857,0.13333333333333333,0.18181818181818182,2.0408163265306123,0.272108843537415,0.1,6,30,4,10,26,0.106931,Success
3,tier1_50x200_s5,"Tier 1: Basic validation - N=50, P=200",ALFESE_greedy_tau1.0,classification,50,200,3,5,0.1,0.0,True,0.5,42,0.14285714285714285,0.06666666666666667,0.09090909090909091,2.0408163265306123,0.1360544217687075,0.047619047619047616,6,30,2,12,28,24.116946,Success
3,tier1_50x200_s5,"Tier 1: Basic validation - N=50, P=200",ALFESE_importance_tau1.0,classification,50,200,3,5,0.1,0.0,True,0.5,42,0.07142857142857142,0.03333333333333333,0.045454545454545456,1.0204081632653061,0.034013605442176874,0.023255813953488372,6,30,1,13,29,0.2413,Success
4,tier1_50x500_s5,"Tier 1: Basic validation - N=50, P=500",ALFESE_greedy_tau1.0,classification,50,500,3,5,0.1,0.0,True,0.5,42,0.0,0.0,0.0,0.0,0.0,0.0,9,45,0,15,45,163.558053,Success
4,tier1_50x500_s5,"Tier 1: Basic validation - N=50, P=500",ALFESE_importance_tau1.0,classification,50,500,3,5,0.1,0.0,True,0.5,42,0.06666666666666667,0.022222222222222223,0.03333333333333333,2.2222222222222223,0.04938271604938272,0.01694915254237288,9,45,1,14,44,1.136358,Success
5,tier1_100x500_s5,"Tier 1: Basic validation - N=100, P=500",ALFESE_greedy_tau1.0,classification,100,500,3,5,0.1,0.0,True,0.5,42,0.0,0.0,0.0,0.0,0.0,0.0,9,45,0,15,45,163.846658,Success
5,tier1_100x500_s5,"Tier 1: Basic validation - N=100, P=500",ALFESE_importance_tau1.0,classification,100,500,3,5,0.1,0.0,True,0.5,42,0.2,0.06666666666666667,0.1,6.666666666666667,0.4444444444444445,0.05263157894736842,9,45,3,12,42,1.210995,Success
6,tier2_50x1000_s5,"Tier 2: High-dimensional - N=50, P=1000",ALFESE_greedy_tau1.0,classification,50,1000,3,5,0.1,0.0,True,0.5,42,0.0,0.0,0.0,0.0,0.0,0.0,12,60,0,15,60,658.539206,Success
6,tier2_50x1000_s5,"Tier 2: High-dimensional - N=50, P=1000",ALFESE_importance_tau1.0,classification,50,1000,3,5,0.1,0.0,True,0.5,42,0.06666666666666667,0.016666666666666666,0.02666666666666667,4.444444444444445,0.07407407407407407,0.013513513513513514,12,60,1,14,59,4.963569,Success
7,tier2_100x1000_s5,"Tier 2: High-dimensional - N=100, P=1000",ALFESE_greedy_tau1.0,classification,100,1000,3,5,0.1,0.0,True,0.5,42,0.0,0.0,0.0,0.0,0.0,0.0,12,60,0,15,60,657.674995,Success
7,tier2_100x1000_s5,"Tier 2: High-dimensional - N=100, P=1000",ALFESE_importance_tau1.0,classification,100,1000,3,5,0.1,0.0,True,0.5,42,0.13333333333333333,0.03333333333333333,0.05333333333333334,8.88888888888889,0.2962962962962963,0.0273972602739726,12,60,2,13,58,5.640283,Success
8,tier2_50x2000_s5,"Tier 2: High-dimensional - N=50, P=2000",ALFESE_greedy_tau1.0,classification,50,2000,3,5,0.1,0.0,True,0.5,42,0.0,0.0,0.0,0.0,0.0,0.0,12,60,0,15,60,1300.106383,Success
8,tier2_50x2000_s5,"Tier 2: High-dimensional - N=50, P=2000",ALFESE_importance_tau1.0,classification,50,2000,3,5,0.1,0.0,True,0.5,42,0.06666666666666667,0.016666666666666666,0.02666666666666667,8.88888888888889,0.14814814814814814,0.013513513513513514,12,60,1,14,59,9.812589,Success
9,tier2_100x2000_s5,"Tier 2: High-dimensional - N=100, P=2000",ALFESE_greedy_tau1.0,classification,100,2000,3,5,0.1,0.0,True,0.5,42,0.0,0.0,0.0,0.0,0.0,0.0,12,60,0,15,60,1258.387088,Success
9,tier2_100x2000_s5,"Tier 2: High-dimensional - N=100, P=2000",ALFESE_importance_tau1.0,classification,100,2000,3,5,0.1,0.0,True,0.5,42,0.06666666666666667,0.016666666666666666,0.02666666666666667,8.88888888888889,0.14814814814814814,0.013513513513513514,12,60,1,14,59,11.742334,Success
10,tier2_50x5000_s5,"Tier 2: High-dimensional - N=50, P=5000",ALFESE_greedy_tau1.0,classification,50,5000,3,5,0.1,0.0,True,0.5,42,0.0,0.0,0.0,0.0,0.0,0.0,12,60,0,15,60,3411.114123,Success
10,tier2_50x5000_s5,"Tier 2: High-dimensional - N=50, P=5000",ALFESE_importance_tau1.0,classification,50,5000,3,5,0.1,0.0,True,0.5,42,0.06666666666666667,0.016666666666666666,0.02666666666666667,22.22222222222222,0.37037037037037035,0.013513513513513514,12,60,1,14,59,27.192336,Success
11,tier2_100x5000_s5,"Tier 2: High-dimensional - N=100, P=5000",ALFESE_greedy_tau1.0,classification,100,5000,3,5,0.1,0.0,True,0.5,42,0.0,0.0,0.0,0.0,0.0,0.0,12,60,0,15,60,3361.127589,Success
11,tier2_100x5000_s5,"Tier 2: High-dimensional - N=100, P=5000",ALFESE_importance_tau1.0,classification,100,5000,3,5,0.1,0.0,True,0.5,42,0.06666666666666667,0.016666666666666666,0.02666666666666667,22.22222222222222,0.37037037037037035,0.013513513513513514,12,60,1,14,59,31.764209,Success
12,tier4_100x200_noise0.5,"Tier 4: Adversity - N=100, P=200, high noise",ALFESE_greedy_tau1.0,classification,100,200,3,5,0.5,0.0,True,0.5,42,0.14285714285714285,0.06666666666666667,0.09090909090909091,2.0408163265306123,0.1360544217687075,0.047619047619047616,6,30,2,12,28,24.136079,Success
12,tier4_100x200_noise0.5,"Tier 4: Adversity - N=100, P=200, high noise",ALFESE_importance_tau1.0,classification,100,200,3,5,0.5,0.0,True,0.5,42,0.21428571428571427,0.1,0.13636363636363638,3.061224489795918,0.30612244897959184,0.07317073170731707,6,30,3,11,27,0.271951,Success
13,tier4_100x200_nan0.2,"Tier 4: Adversity - N=100, P=200, missing data",ALFESE_greedy_tau1.0,classification,100,200,3,5,0.1,0.2,True,0.5,42,0.14285714285714285,0.06666666666666667,0.09090909090909091,2.0408163265306123,0.1360544217687075,0.047619047619047616,6,30,2,12,28,23.833472,Success
13,tier4_100x200_nan0.2,"Tier 4: Adversity - N=100, P=200, missing data",ALFESE_importance_tau1.0,classification,100,200,3,5,0.1,0.2,True,0.5,42,0.21428571428571427,0.1,0.13636363636363638,3.061224489795918,0.30612244897959184,0.07317073170731707,6,30,3,11,27,0.27312,Success
14,tier4_100x200_noise0.5_nan0.2,"Tier 4: Adversity - N=100, P=200, high noise + missing data",ALFESE_greedy_tau1.0,classification,100,200,3,5,0.5,0.2,True,0.5,42,0.14285714285714285,0.06666666666666667,0.09090909090909091,2.0408163265306123,0.1360544217687075,0.047619047619047616,6,30,2,12,28,23.647049,Success
14,tier4_100x200_noise0.5_nan0.2,"Tier 4: Adversity - N=100, P=200, high noise + missing data",ALFESE_importance_tau1.0,classification,100,200,3,5,0.5,0.2,True,0.5,42,0.35714285714285715,0.16666666666666666,0.22727272727272724,5.1020408163265305,0.8503401360544217,0.1282051282051282,6,30,5,9,25,0.32413,Success
15,tier7_200x500_imb0.1,"Tier 7: Class imbalance - N=200, P=500, 10% minority",ALFESE_greedy_tau1.0,classification,200,500,3,5,0.1,0.0,True,0.1,42,0.0,0.0,0.0,0.0,0.0,0.0,9,45,0,15,45,168.466818,Success
15,tier7_200x500_imb0.1,"Tier 7: Class imbalance - N=200, P=500, 10% minority",ALFESE_importance_tau1.0,classification,200,500,3,5,0.1,0.0,True,0.1,42,0.06666666666666667,0.022222222222222223,0.03333333333333333,2.2222222222222223,0.04938271604938272,0.01694915254237288,9,45,1,14,44,1.336998,Success
16,tier7_200x500_imb0.2,"Tier 7: Class imbalance - N=200, P=500, 20% minority",ALFESE_greedy_tau1.0,classification,200,500,3,5,0.1,0.0,True,0.2,42,0.0,0.0,0.0,0.0,0.0,0.0,9,45,0,15,45,166.644761,Success
16,tier7_200x500_imb0.2,"Tier 7: Class imbalance - N=200, P=500, 20% minority",ALFESE_importance_tau1.0,classification,200,500,3,5,0.1,0.0,True,0.2,42,0.13333333333333333,0.044444444444444446,0.06666666666666667,4.444444444444445,0.19753086419753088,0.034482758620689655,9,45,2,13,43,1.481479,Success
