dataset,method,f1_best,f1_mean,dissim,nested
arabidopsis,GEMSS_default,1.0,1.0,0.9385185185185186,True
arabidopsis,GEMSS_kernel,1.0,1.0,0.9455555555555556,True
arabidopsis,GEMSS_scalefixed,1.0,1.0,0.9287301587301589,True
arabidopsis,Masking_logistic,1.0,1.0,1.0,True
arabidopsis,StabilitySelection,,,0.0,True
diabetes,GEMSS_default,1.0,0.9945419103313841,0.7939153439153439,True
diabetes,GEMSS_kernel,1.0,0.8783666683047489,0.8987301587301587,True
diabetes,GEMSS_scalefixed,1.0,0.985451496388029,0.7947089947089947,True
diabetes,Masking_logistic,1.0,0.719703916654381,1.0,True
diabetes,StabilitySelection,1.0,1.0,0.0,True
diabetes,ALFESE_mi,1.0,0.6853086547295054,1.0,True
pcos,GEMSS_default,1.0,0.985526115859449,0.8243386243386244,True
pcos,GEMSS_kernel,1.0,0.8181175539621316,0.8904232804232806,True
pcos,GEMSS_scalefixed,1.0,0.994962962962963,0.8518518518518519,True
pcos,Masking_logistic,1.0,0.5221323645419755,1.0,True
pcos,StabilitySelection,1.0,1.0,0.0,True
pcos,ALFESE_mi,1.0,0.533316503352801,1.0,True
pcos,GEMSS_default,0.9144296131504142,0.8372951411049299,0.6085714285714287,True
pcos,GEMSS_kernel,0.9124890089517453,0.775041272598095,0.8251851851851854,True
pcos,GEMSS_scalefixed,0.9110962798170806,0.8271394818056249,0.7240740740740741,True
pcos,Masking_logistic,0.8535048348841452,0.7020754962830199,1.0,True
pcos,StabilitySelection,0.847997213514455,0.847997213514455,0.0,True
pcos,ALFESE_mi,0.9013594470046083,0.674903233105158,1.0,True
