method,n,p,overlap,seed,hp,sol_f1,union_f1,dissim,overlap_struct_err
STAB,100,200,8,21,{'alpha': 0.01},0.2222222222222222,0.5263157894736842,0.0,nan
STAB,100,200,8,21,{'alpha': 0.05},0.2222222222222222,0.5263157894736842,0.0,nan
STAB,100,200,8,21,{'alpha': 0.1},0.15384615384615383,0.35294117647058826,0.0,nan
STAB,100,200,8,22,{'alpha': 0.01},0.1568627450980392,0.38095238095238093,0.0,nan
STAB,100,200,8,22,{'alpha': 0.05},0.17777777777777778,0.4210526315789473,0.0,nan
STAB,100,200,8,22,{'alpha': 0.1},0.1904761904761905,0.4444444444444445,0.0,nan
STAB,100,200,8,23,{'alpha': 0.01},0.12499999999999999,0.4,0.0,nan
STAB,100,200,8,23,{'alpha': 0.05},0.14285714285714282,0.4444444444444445,0.0,nan
STAB,100,200,8,23,{'alpha': 0.1},0.10256410256410255,0.35294117647058826,0.0,nan
STAB,100,200,8,24,{'alpha': 0.01},0.1176470588235294,0.38095238095238093,0.0,nan
STAB,100,200,8,24,{'alpha': 0.05},0.10256410256410255,0.35294117647058826,0.0,nan
STAB,100,200,8,24,{'alpha': 0.1},0.10256410256410255,0.35294117647058826,0.0,nan
STAB,100,200,8,25,{'alpha': 0.01},0.15384615384615383,0.35294117647058826,0.0,nan
STAB,100,200,8,25,{'alpha': 0.05},0.15384615384615383,0.35294117647058826,0.0,nan
STAB,100,200,8,25,{'alpha': 0.1},0.15384615384615383,0.35294117647058826,0.0,nan
